chid,casn,chnm
1,26172-55-4,"5-Chloro-2-methyl-3(2H)-isothiazolone"
2,109-43-3,"Dibutyl decanedioate"
3,486-56-6,"Cotinine"
4,2058-94-8,"Perfluoroundecanoic acid"
5,732-11-6,"Phosmet"
6,89-83-8,"Thymol"
7,101-02-0,"Triphenyl phosphite"
8,106-22-9,"Citronellol"
9,36653-82-4,"1-Hexadecanol"
10,79-39-0,"Methacrylamide"
11,77-93-0,"Triethyl citrate"
12,120-80-9,"Catechol"
13,298-02-2,"Phorate"
14,53-86-1,"Indomethacin"
15,15307-79-6,"Diclofenac sodium"
16,2550-40-5,"Dicyclohexyl disulfide"
17,510-15-6,"Chlorobenzilate"
18,2385-85-5,"Mirex"
19,5915-41-3,"Terbuthylazine"
20,6422-86-2,"Bis(2-ethylhexyl) terephthalate"
21,27323-41-7,"Dodecylbenzene sulfonate triethanolamine(1:1)"
22,3825-26-1,"PFOA, ammonium salt"
23,24602-86-6,"Tridemorph"
24,58-08-2,"Caffeine"
25,65-85-0,"Benzoic acid"
26,91-20-3,"Naphthalene"
27,57-55-6,"1,2-Propylene glycol"
28,84-66-2,"Diethyl phthalate"
29,99-08-1,"3-Nitrotoluene"
30,101-54-2,"N-Phenyl-1,4-benzenediamine"
31,99-76-3,"Methylparaben"
32,7632-00-0,"Sodium nitrite"
33,120-71-8,"2-Methoxy-5-methylaniline"
34,95-87-4,"2,5-Dimethylphenol"
35,120-12-7,"Anthracene"
36,111-69-3,"Hexanedinitrile"
37,91-53-2,"Ethoxyquin"
38,94-26-8,"Butylparaben"
39,88-18-6,"2-tert-Butylphenol"
40,132-64-9,"Dibenzofuran"
41,83-32-9,"Acenaphthene"
42,123-31-9,"Hydroquinone"
43,106-46-7,"1,4-Dichlorobenzene"
44,91-64-5,"Coumarin"
45,87-62-7,"2,6-Dimethylaniline"
46,96-48-0,"4-Butyrolactone"
47,100-00-5,"1-Chloro-4-nitrobenzene"
48,106-44-5,"p-Cresol"
49,110-44-1,"Sorbic acid"
50,51-28-5,"2,4-Dinitrophenol"
51,98-01-1,"Furfural"
52,375-85-9,"Perfluoroheptanoic acid"
53,75-12-7,"Formamide"
54,142-62-1,"Hexanoic acid"
55,111-14-8,"Heptanoic acid"
56,88-06-2,"2,4,6-Trichlorophenol"
57,64-67-5,"Diethyl sulfate"
58,643-79-8,"1,2-Benzenedicarboxaldehyde"
59,118-52-5,"1,3-Dichloro-5,5-dimethylhydantoin"
60,57-13-6,"Urea"
61,95-95-4,"2,4,5-Trichlorophenol"
62,78-59-1,"Isophorone"
63,122-62-3,"Bis(2-ethylhexyl) decanedioate"
64,120-47-8,"Ethylparaben"
65,112-05-0,"Nonanoic acid"
66,124-07-2,"Octanoic acid"
67,105-67-9,"2,4-Dimethylphenol"
68,58-55-9,"Theophylline"
69,120-83-2,"2,4-Dichlorophenol"
70,91-59-8,"2-Naphthylamine"
71,123-42-2,"Diacetone alcohol"
72,92-87-5,"Benzidine"
73,100-51-6,"Benzyl alcohol"
74,532-27-4,"2-Chloroacetophenone"
75,99-99-0,"4-Nitrotoluene"
76,119-90-4,"3,3'-Dimethoxybenzidine"
77,83-41-0,"1,2-Dimethyl-3-nitrobenzene"
78,101-55-3,"p-Bromodiphenyl ether"
79,124-04-9,"Hexanedioic acid"
80,98-95-3,"Nitrobenzene"
81,115-77-5,"Pentaerythritol"
82,134-03-2,"Sodium L-ascorbate"
83,842-07-9,"C.I. Solvent Yellow 14"
84,599-79-1,"Sulfasalazine"
85,77-71-4,"5,5-Dimethylhydantoin"
86,50-41-9,"Clomiphene citrate (1:1)"
87,75-99-0,"Dalapon"
88,111-42-2,"Diethanolamine"
89,599-64-4,"4-Cumylphenol"
90,131-55-5,"2,2',4,4'-Tetrahydroxybenzophenone"
91,2943-75-1,"Triethoxyoctylsilane"
92,123-25-1,"Diethyl butanedioate"
93,7747-35-5,"5-Ethyl-1-aza-3,7-dioxabicyclo[3.3.0]octane"
94,2243-62-1,"1,5-Naphthalenediamine"
95,117-84-0,"Dioctyl phthalate"
96,95-65-8,"3,4-Dimethylphenol"
97,89-72-5,"2-(Butan-2-yl)phenol"
98,3739-38-6,"3-Phenoxybenzoic acid"
99,33703-08-1,"Hexanedioic acid, diisononyl ester"
100,1843-05-6,"Octabenzone"
101,60-56-0,"Methimazole"
102,838-88-0,"4,4'-Methylenebis(2-methylaniline)"
103,51-30-9,"Isoproterenol hydrochloride"
104,528-29-0,"1,2-Dinitrobenzene"
105,49562-28-9,"Fenofibrate"
106,119-36-8,"Methyl salicylate"
107,112-25-4,"2-(Hexyloxy)ethanol"
108,128-04-1,"Sodium dimethyldithiocarbamate"
109,2795-39-3,"PFOS-K"
110,96-70-8,"2-tert-Butyl-4-ethylphenol"
111,95-54-5,"1,2-Phenylenediamine"
112,108-59-8,"Dimethyl malonate"
113,99-66-1,"Valproic acid"
114,375-95-1,"PFNA"
115,105-60-2,"Caprolactam"
116,576-26-1,"2,6-Dimethylphenol"
117,3855-32-1,"2,6,10-Trimethyl-2,6,10-triazaundecane"
118,102-71-6,"Triethanolamine"
119,1303-11-3,"Indium arsenide"
120,6381-77-7,"Sodium erythorbate (1:1)"
121,621-64-7,"N-Nitrosodipropylamine"
122,96-29-7,"2-Butanone oxime"
123,55-98-1,"Busulfan"
124,99-51-4,"1,2-Dimethyl-4-nitrobenzene"
125,584-84-9,"Toluene-2,4-diisocyanate"
126,77-48-5,"1,3-Dibromo-5,5-dimethylhydantoin"
127,3871-99-6,"PFHS-K"
128,3033-77-0,"N,N,N-Trimethyl(oxiran-2-yl)methanaminium chloride"
129,924-16-3,"N-Nitrosodibutylamine"
130,55285-14-8,"Carbosulfan"
131,1445-75-6,"Diisopropyl methylphosphonate"
132,72-55-9,"p,p'-DDE"
133,51-21-8,"5-Fluorouracil"
134,121-91-5,"1,3-Benzenedicarboxylic acid"
135,126-73-8,"Tributyl phosphate"
136,94-13-3,"Propylparaben"
137,65-23-6,"Pyridoxine"
138,627-93-0,"Dimethyl adipate"
139,149-57-5,"2-Ethylhexanoic acid"
140,102-76-1,"Triacetin"
141,288-88-0,"1H-1,2,4-Triazole"
142,120-61-6,"Dimethyl terephthalate"
143,108-46-3,"Resorcinol"
144,112-70-9,"1-Tridecanol"
145,151-21-3,"Sodium dodecyl sulfate"
146,101-86-0,"2-Benzylideneoctanal"
147,101-77-9,"4,4'-Methylenedianiline"
148,60-54-8,"Tetracycline"
149,99-59-2,"2-Methoxy-5-nitroaniline"
150,606-20-2,"2,6-Dinitrotoluene"
151,2104-64-5,"EPN"
152,55290-64-7,"Dimethipin"
153,33820-53-0,"Isopropalin"
154,112-30-1,"1-Decanol"
155,136-77-6,"4-Hexylresorcinol"
156,57-83-0,"Progesterone"
157,4418-26-2,"Sodium dehydroacetate"
158,112-00-5,"Dodecyltrimethylammonium chloride"
159,309-00-2,"Aldrin"
160,1156-19-0,"Tolazamide"
161,77-40-7,"Bisphenol B"
162,5392-40-5,"3,7-Dimethyl-2,6-octadienal"
163,77-92-9,"Citric acid"
164,143-50-0,"Kepone"
165,872-50-4,"N-Methyl-2-pyrrolidone"
166,73-22-3,"l-Tryptophan"
167,111-87-5,"1-Octanol"
168,145-73-3,"Endothal"
169,104-67-6,"5-Heptyldihydro-2(3H)-furanone"
170,141-43-5,"Ethanolamine"
171,53-03-2,"Prednisone"
172,57-63-6,"17alpha-Ethinylestradiol"
173,828-00-2,"Dimethoxane"
174,116-25-6,"1-(Hydroxymethyl)-5,5-dimethylhydantoin"
175,110-85-0,"Piperazine"
176,97-53-0,"Eugenol"
177,98-54-4,"4-tert-Butylphenol"
178,117-79-3,"2-Aminoanthraquinone"
179,103-90-2,"Acetaminophen"
180,7378-99-6,"N,N-Dimethyloctylamine"
181,127-07-1,"Hydroxyurea"
182,1934-21-0,"FD&C Yellow 5"
183,84-75-3,"Dihexyl phthalate"
184,25956-17-6,"Allura Red C.I.16035"
185,106-65-0,"Dimethyl succinate"
186,105-99-7,"Dibutyl hexanedioate"
187,92-52-4,"Biphenyl"
188,584-13-4,"4-Amino-1,2,4-triazole"
189,101-20-2,"Triclocarban"
190,298-46-4,"Carbamazepine"
191,5216-25-1,"4-Chlorobenzotrichloride"
192,79-94-7,"3,3',5,5'-Tetrabromobisphenol A"
193,68515-49-1,"1,2-Benzenedicarboxylic acid, di-C9-11-branched alkyl esters, C10-rich"
194,126-86-3,"2,4,7,9-Tetramethyl-5-decyne-4,7-diol"
195,149-30-4,"2-Mercaptobenzothiazole"
196,78-42-2,"Tris(2-ethylhexyl) phosphate"
197,80-08-0,"Dapsone"
198,629-76-5,"1-Pentadecanol"
199,111-82-0,"Methyl dodecanoate"
200,112-49-2,"Triethylene glycol dimethyl ether"
201,105-87-3,"Geranyl acetate"
202,1120-71-4,"1,3-Propane sultone"
203,115-96-8,"Tris(2-chloroethyl) phosphate"
204,88-12-0,"N-Vinyl-2-pyrrolidone"
205,91-22-5,"Quinoline"
206,121-33-5,"4-Hydroxy-3-methoxybenzaldehyde"
207,614-45-9,"tert-Butyl perbenzoate"
208,80-43-3,"Dicumyl peroxide"
209,93-15-2,"Methyleugenol"
210,23593-75-1,"Clotrimazole"
211,100-54-9,"3-Pyridinecarbonitrile"
212,141-04-8,"Diisobutyl adipate"
213,150-68-5,"Monuron"
214,732-26-3,"2,4,6-Tris(tert-butyl)phenol"
215,111-76-2,"2-Butoxyethanol"
216,112-50-5,"2-[2-(2-Ethoxyethoxy)ethoxy]ethanol"
217,2451-62-9,"Triglycidyl isocyanurate"
218,112-53-8,"1-Dodecanol"
219,4455-26-9,"N-Methyldioctylamine"
220,78-63-7,"2,5-Dimethyl-2,5-di-(tert-butylperoxy)hexane"
221,29590-42-9,"Isooctyl acrylate"
222,2783-94-0,"FD&C Yellow 6"
223,79902-63-9,"Simvastatin"
224,86479-06-3,"Hexaflumuron"
225,27955-94-8,"4,4',4""-Ethane-1,1,1-triyltriphenol"
226,124-94-7,"Triamcinolone"
227,754-91-6,"PFOSA"
228,110-62-3,"Pentanal"
229,99-97-8,"N,N,4-Trimethylaniline"
230,527-60-6,"2,4,6-Trimethylphenol"
231,57-50-1,"Sucrose"
232,50-55-5,"Reserpine"
233,1260-17-9,"Carminic acid"
234,99-54-7,"3,4-Dichloronitrobenzene"
235,112-72-1,"1-Tetradecanol"
236,126-11-4,"2-(Hydroxymethyl)-2-nitro-1,3-propanediol"
237,13311-84-7,"Flutamide"
238,10540-29-1,"Tamoxifen"
239,2687-25-4,"2,3-Diaminotoluene"
240,54-11-5,"Nicotine"
241,137-30-4,"Ziram"
242,115-86-6,"Triphenyl phosphate"
243,1929-77-7,"Vernolate"
244,115-28-6,"Chlorendic acid"
245,72-54-8,"p,p'-DDD"
246,95-80-7,"2,4-Diaminotoluene"
247,56-81-5,"Glycerol"
248,79-06-1,"Acrylamide"
249,50-78-2,"Aspirin"
250,121-00-6,"2-tert-Butyl-4-methoxyphenol"
251,262376-75-0,"HMR1426"
252,725228-45-5,"AVE5638"
253,929601-09-2,"SR58611"
254,NOCAS_47342,"SR125047"
255,NOCAS_47374,"SSR161421"
256,189003-92-7,"Trelanserin"
257,NOCAS_47334,"MK-968"
258,742693-38-5,"SSR504734"
259,155990-20-8,"SR271425"
260,NOCAS_47330,"PharmaGSID_47330"
261,1068967-96-3,"SAR102608"
262,473289-62-2,"Ilepatril"
263,NOCAS_47346,"SSR162369"
264,139290-65-6,"Volinanserin"
265,NOCAS_47366,"SAR115740"
266,298198-52-4,"SSR180711"
267,NOCAS_47333,"PharmaGSID_47333"
268,NOCAS_47362,"SSR150106"
269,NOCAS_47351,"SSR240612"
270,210826-40-7,"CP-456773"
271,197077-55-7,"UK-333747"
272,158081-99-3,"CP-105696"
273,220860-50-4,"CP-457920"
274,179465-71-5,"CJ-013790"
275,290352-28-2,"CP-634384"
276,135080-03-4,"CP-100829"
277,501027-49-2,"PD-0333941"
278,89-04-3,"Trioctyl trimellitate"
279,194098-25-4,"CP-409092"
280,484-17-3,"9-Phenanthrol"
281,289716-94-5,"CP-607366"
282,349495-42-7,"PharmaGSID_47263"
283,177785-47-6,"PharmaGSID_47261"
284,527680-56-4,"PHA-00568487"
285,478149-53-0,"PHA-00543613"
286,57-74-9,"Chlordane"
287,261947-38-0,"CP-532623"
288,134002-60-1,"CP-085958"
289,113734-18-2,"CP-114271"
290,249296-43-3,"CJ-013610"
291,NOCAS_47265,"CP-471358"
292,124378-77-4,"Enadoline"
293,214535-77-0,"CP-457677"
294,112733-06-9,"Zenarestat"
295,199171-88-5,"CP-401387"
296,253450-09-8,"Besonprodil"
297,445295-04-5,"CP-671305"
298,361343-19-3,"Elzasonan"
299,NOCAS_47248,"CI-1018"
300,27138-31-4,"Di(propylene glycol) dibenzoate"
301,678-39-7,"1,1,2,2-Tetrahydroperfluoro-1-decanol"
302,2155-70-6,"Tributyltin methacrylate"
303,120-82-1,"1,2,4-Trichlorobenzene"
304,169590-42-5,"Celecoxib"
305,4291-63-8,"Cladribine"
306,111-21-7,"Triethylene glycol diacetate"
307,7173-51-5,"Didecyldimethylammonium chloride"
308,3296-90-0,"2,2-Bis(bromomethyl)-1,3-propanediol"
309,79-44-7,"Dimethylcarbamoyl chloride"
310,334-48-5,"Decanoic acid"
311,100-02-7,"4-Nitrophenol"
312,1119-40-0,"Dimethyl glutarate"
313,118-71-8,"Maltol"
314,96-76-4,"2,4-Di-tert-butylphenol"
315,6055-19-2,"Cyclophosphamide monohydrate"
316,50-29-3,"p,p'-DDT"
317,302-79-4,"all-trans-Retinoic acid"
318,112-27-6,"Triethylene glycol"
319,97-54-1,"Isoeugenol"
320,1461-22-9,"Tributyltin chloride"
321,4151-50-2,"Sulfluramid"
322,131-18-0,"Dipentyl phthalate"
323,1948-33-0,"tert-Butylhydroquinone"
324,111-90-0,"2-(2-Ethoxyethoxy)ethanol"
325,111-46-6,"Diethylene glycol"
326,80-46-6,"4-(2-Methylbutan-2-yl)phenol"
327,112-34-5,"2-(2-Butoxyethoxy)ethanol"
328,99-71-8,"4-(Butan-2-yl)phenol"
329,80844-07-1,"Etofenprox"
330,150-13-0,"4-Aminobenzoic acid"
331,111-77-3,"Diethylene glycol monomethyl ether"
332,107-88-0,"1,3-Butanediol"
333,108-11-2,"4-Methyl-2-pentanol"
334,26628-22-8,"Sodium azide"
335,579-66-8,"2,6-Diethylaniline"
336,134-20-3,"Methyl 2-aminobenzoate"
337,148-24-3,"8-Hydroxyquinoline"
338,59-50-7,"4-Chloro-3-methylphenol"
339,90-04-0,"2-Anisidine"
340,102-60-3,"N,N,N',N'-Tetrakis(2-Hydroxypropyl)ethylenediamine"
341,121-79-9,"Propyl gallate"
342,59756-60-4,"Fluridone"
343,104-40-5,"4-Nonylphenol"
344,2433-14-9,"4-Cyclohexylcyclohexanol"
345,84371-65-3,"Mifepristone"
346,2416-94-6,"2,3,6-Trimethylphenol"
347,1120-36-1,"1-Tetradecene"
348,59-87-0,"Nitrofurazone"
349,1806-26-4,"4-Octylphenol"
350,140-66-9,"4-(1,1,3,3-Tetramethylbutyl)phenol"
351,92-84-2,"Phenothiazine"
352,60-09-3,"4-Aminoazobenzene"
353,81-90-3,"Phenolphthalin"
354,59-67-6,"Nicotinic acid"
355,15310-01-7,"Benodanil"
356,NOCAS_47387,"SAR102779"
357,1861-32-1,"Chlorthal-dimethyl"
358,NOCAS_47328,"MK-274"
359,NOCAS_47377,"AVE6324"
360,97-56-3,"2-Amino-5-azotoluene"
361,94-59-7,"Safrole"
362,57-91-0,"17alpha-Estradiol"
363,108-93-0,"Cyclohexanol"
364,7631-86-9,"Silica"
365,33228-44-3,"4-Pentylaniline"
366,108-01-0,"Dimethylaminoethanol"
367,107-41-5,"2-Methyl-2,4-pentanediol"
368,534-52-1,"2-Methyl-4,6-dinitrophenol"
369,6846-50-0,"2,2,4-Trimethyl-1,3-pentanediol diisobutyrate"
370,140-64-7,"Pentamidine isethionate"
371,106-87-6,"4-Vinyl-1-cyclohexene dioxide"
372,91-62-3,"6-Methylquinoline"
373,92-68-2,"4-Cyclohexylcyclohexanone"
374,5877-42-9,"4-Ethyloct-1-yn-3-ol"
375,63612-50-0,"Nilutamide"
376,52-01-7,"Spironolactone"
377,15619-48-4,"1-Benzylquinolinium chloride"
378,36673-16-2,"Isopropyl triethanolamine titanate"
379,13071-79-9,"Terbufos"
380,1987-50-4,"4-Heptylphenol"
381,7758-19-2,"Sodium chlorite"
382,82640-04-8,"Raloxifene hydrochloride"
383,111-30-8,"Glutaraldehyde"
384,84-16-2,"meso-Hexestrol"
385,107-98-2,"1-Methoxy-2-propanol"
386,62-75-9,"N-Nitrosodimethylamine"
387,123-51-3,"Isopentyl alcohol"
388,486-66-8,"Daidzein"
389,57-85-2,"Testosterone propionate"
390,135-19-3,"2-Naphthalenol"
391,427-51-0,"Cyproterone acetate"
392,77-89-4,"Acetyltriethyl citrate"
393,108-45-2,"1,3-Benzenediamine"
394,824-78-2,"Sodium 4-nitrophenolate"
395,744-45-6,"Diphenyl isophthalate"
396,446-86-6,"Azathioprine"
397,2605-79-0,"N,N-Dimethyldecylamine oxide"
398,108-80-5,"Cyanuric acid"
399,97-77-8,"Disulfiram"
400,5349-51-9,"4-(2-Methylbutan-2-yl)cyclohexanol"
401,106-49-0,"4-Methylaniline"
402,10605-21-7,"Carbendazim"
403,307-24-4,"PFHxA"
404,98-87-3,"Benzal chloride"
405,7487-94-7,"Mercuric chloride"
406,826-62-0,"2-Norbornene-5,6-dicarboxylic anhydride"
407,102-27-2,"N-Ethyl-3-methylaniline"
408,69-74-9,"Cytarabine hydrochloride"
409,206-44-0,"Fluoranthene"
410,107534-96-3,"Tebuconazole"
411,103-33-3,"Azobenzene"
412,121-14-2,"2,4-Dinitrotoluene"
413,122-66-7,"1,2-Diphenylhydrazine"
414,56-04-2,"6-Methyl-2-thiouracil"
415,51-79-6,"Urethane"
416,2144-53-8,"Tridecafluorohexylethyl methacrylate"
417,577-11-7,"Docusate sodium"
418,3319-31-1,"Tris(2-ethylhexyl) trimellitate"
419,25155-30-0,"Sodium dodecylbenzenesulfonate"
420,335-76-2,"PFDA"
421,147-24-0,"Diphenhydramine hydrochloride"
422,56-53-1,"Diethylstilbestrol"
423,1034-01-1,"Octyl gallate"
424,496-72-0,"3,4-Diaminotoluene"
425,95-94-3,"1,2,4,5-Tetrachlorobenzene"
426,2835-95-2,"5-Amino-2-methylphenol"
427,111-44-4,"Bis(2-chloroethyl) ether"
428,100-97-0,"Methenamine"
429,117-39-5,"Quercetin"
430,647-42-7,"3,3,4,4,5,5,6,6,7,7,8,8,8-Tridecafluorooctan-1-ol"
431,72-20-8,"Endrin"
432,84-69-5,"Diisobutyl phthalate"
433,72178-02-0,"Fomesafen"
434,106-47-8,"4-Chloroaniline"
435,55-18-5,"N-Nitrosodiethylamine"
436,76-44-8,"Heptachlor"
437,627-18-9,"3-Bromo-1-propanol"
438,57-97-6,"7,12-Dimethylbenz(a)anthracene"
439,82385-42-0,"Sodium saccharin hydrate"
440,68-26-8,"Retinol"
441,81-81-2,"Warfarin"
442,25265-71-8,"Dipropylene glycol"
443,30516-87-1,"3'-Azido-3'-deoxythymidine"
444,86386-73-4,"Fluconazole"
445,3147-75-9,"Octrizole"
446,87-61-6,"1,2,3-Trichlorobenzene"
447,548-62-9,"Gentian Violet"
448,58-14-0,"Pyrimethamine"
449,2176-62-7,"Pentachloropyridine"
450,59-30-3,"Folic acid"
451,101-80-4,"4,4'-Oxydianiline"
452,62-23-7,"4-Nitrobenzoic acid"
453,6915-15-7,"Malic acid"
454,3811-73-2,"Sodium (2-pyridylthio)-N-oxide"
455,112-38-9,"10-Undecenoic acid"
456,52-51-7,"Bronopol"
457,106-24-1,"Geraniol"
458,131-17-9,"Diallyl phthalate"
459,101-61-1,"4,4'-Methylenebis(N,N-dimethylaniline)"
460,99-55-8,"2-Methyl-5-nitroaniline"
461,532-32-1,"Sodium benzoate"
462,4180-23-8,"(E)-Anethole"
463,22915-73-7,"Hexane-1,6-diyl dibenzoate"
464,2432-87-3,"Dioctyl succinate"
465,6624-73-3,"Pentane-1,5-diyl dibenzoate"
466,82469-79-2,"Butyryl trihexyl citrate"
467,120-55-8,"Diethylene glycol dibenzoate"
468,67-20-9,"Nitrofurantoin"
469,2058-46-0,"Oxytetracycline hydrochloride"
470,56-55-3,"Benz(a)anthracene"
471,100-01-6,"4-Nitroaniline"
472,563-12-2,"Ethion"
473,2921-88-2,"Chlorpyrifos"
474,133-90-4,"Chloramben"
475,69-09-0,"Chlorpromazine hydrochloride"
476,50892-23-4,"Pirinixic acid"
477,99-65-0,"1,3-Dinitrobenzene"
478,64-86-8,"Colchicine"
479,26530-20-1,"Octhilinone"
480,103-24-2,"Bis(2-ethylhexyl) nonanedioate"
481,108-44-1,"3-Methylaniline"
482,34590-94-8,"Dipropylene glycol monomethyl ether"
483,86-73-7,"Fluorene"
484,85-01-8,"Phenanthrene"
485,50-35-1,"Thalidomide"
486,104795-68-8,"CI-959"
487,95-83-0,"4-Chloro-1,2-diaminobenzene"
488,91-66-7,"N,N-Diethylaniline"
489,446-72-0,"Genistein"
490,3056-17-5,"Stavudine"
491,63-05-8,"4-Androstene-3,17-dione"
492,86-30-6,"N-Nitrosodiphenylamine"
493,112529-15-4,"Pioglitazone hydrochloride"
494,84852-15-3,"4-Nonylphenol, branched"
495,69655-05-6,"2',3'-Dideoxyinosine"
496,52-86-8,"Haloperidol"
497,29420-49-3,"PFBS-K"
498,66-27-3,"Methyl methanesulfonate"
499,79-16-3,"N-Methylacetamide"
500,76-03-9,"Trichloroacetic acid"
501,25498-49-1,"Tripropylene glycol monomethyl ether"
502,139-13-9,"Nitrilotriacetic acid"
503,57-41-0,"5,5-Diphenylhydantoin"
504,637-07-0,"Clofibrate"
505,2772-45-4,"2,4-Bis(1-methyl-1-phenylethyl)phenol"
506,88-60-8,"2-tert-Butyl-5-methylphenol"
507,128-39-2,"2,6-Di-tert-butylphenol"
508,NOCAS_47255,"CP-465394"
509,136-60-7,"Butyl benzoate"
510,556-67-2,"Octamethylcyclotetrasiloxane"
511,87-69-4,"L-Tartaric acid"
512,90-94-8,"Michler's ketone"
513,41372-08-1,"Methyldopa sesquihydrate"
514,57-11-4,"Octadecanoic acid"
515,50-28-2,"17beta-Estradiol"
516,544-76-3,"Hexadecane"
517,5315-79-7,"1-Hydroxypyrene"
518,106-25-2,"(2Z)-3,7-Dimethylocta-2,6-dien-1-ol"
519,27178-16-1,"Diisodecyl hexanedioate"
520,94-28-0,"Triethylene glycol bis(2-ethylhexanoate)"
521,1836-75-5,"Nitrofen"
522,69-65-8,"D-Mannitol"
523,54965-24-1,"Tamoxifen citrate"
524,58-93-5,"Hydrochlorothiazide"
525,629-62-9,"Pentadecane"
526,110-26-9,"N,N'-Methylenebisacrylamide"
527,88-58-4,"2,5-Di-tert-butylbenzene-1,4-diol"
528,112-42-5,"1-Undecanol"
529,51-52-5,"6-Propyl-2-thiouracil"
530,154-42-7,"6-Thioguanine"
531,119-93-7,"3,3'-Dimethylbenzidine"
532,77-09-8,"Phenolphthalein"
533,80-15-9,"Cumene hydroperoxide"
534,1143-38-0,"Anthralin"
535,205-99-2,"Benzo(b)fluoranthene"
536,120-95-6,"2,4-Bis(2-methylbutan-2-yl)phenol"
537,291305-06-1,"UK-373911"
538,127308-82-1,"Zamifenacin"
539,402910-27-4,"UK-416244"
540,NOCAS_47299,"CP-422935"
541,230954-09-3,"CP-544439"
542,NOCAS_47291,"CI-1044"
543,353280-07-6,"CP-612372"
544,668981-02-0,"CP-863187"
545,1300-72-7,"Sodium xylenesulfonate"
546,4904-61-4,"1,5,9-Cyclododecatriene"
547,50-22-6,"Corticosterone"
548,129-00-0,"Pyrene"
549,32809-16-8,"Procymidone"
550,95-14-7,"1,2,3-Benzotriazole"
551,80-05-7,"Bisphenol A"
552,77-47-4,"Hexachlorocyclopentadiene"
553,27176-87-0,"Dodecylbenzenesulfonic acid"
554,60-57-1,"Dieldrin"
555,85-68-7,"Butyl benzyl phthalate"
556,166412-78-8,"Diisononyl cyclohexane-1,2-dicarboxylate"
557,131860-33-8,"Azoxystrobin"
558,19044-88-3,"Oryzalin"
559,55219-65-3,"Triadimenol"
560,120-32-1,"Clorophene"
561,608-73-1,"1,2,3,4,5,6-Hexachlorocyclohexane"
562,584-79-2,"Allethrin"
563,3380-34-5,"Triclosan"
564,53894-23-8,"Triisononyl trimellitate"
565,108-67-8,"1,3,5-Trimethylbenzene"
566,51-24-1,"Tiratricol"
567,68392-35-8,"4-Hydroxytamoxifen"
568,797-63-7,"Norgestrel"
569,105624-86-0,"5HPP-33"
570,6344-67-8,"3-Hydroxyfluorene"
571,1024-57-3,"Heptachlor epoxide"
572,2528-16-7,"Monobenzyl phthalate"
573,1563-66-2,"Carbofuran"
574,110235-47-7,"Mepanipyrim"
575,107-21-1,"Ethylene glycol"
576,77-78-1,"Dimethyl sulfate"
577,149413-74-1,"FR150011"
578,146011-65-6,"FR145237"
579,4098-71-9,"Isophorone diisocyanate"
580,174185-16-1,"FR167356"
581,102409-92-7,"FR073317"
582,138472-01-2,"FR900409"
583,NOCAS_48172,"PharmaGSID_48172"
584,136042-19-8,"FR130739"
585,129299-90-7,"Fabesetron hydrochloride"
586,10161-33-8,"17beta-Trenbolone"
587,789-02-6,"o,p'-DDT"
588,929-59-9,"2,2'-[Ethane-1,2-diylbis(oxy)]diethanamine"
589,91082-17-6,"C10-21 sulfonic acids phenyl esters"
590,57-30-7,"Phenobarbital sodium"
591,68-96-2,"17alpha-Hydroxyprogesterone"
592,8000-34-8,"Clove leaf oil"
593,6893-02-3,"3,5,3'-Triiodothyronine"
594,1478-61-1,"Bisphenol AF"
595,60-35-5,"Acetamide"
596,68-22-4,"Norethindrone"
597,53-16-7,"Estrone"
598,35256-85-0,"Butam"
599,1111-78-0,"Ammonium carbamate"
600,2687-96-9,"1-Dodecyl-2-pyrrolidinone"
601,1338-43-8,"Sorbitan, mono-(9Z)-9-octadecenoate"
602,123-35-3,"Myrcene"
603,79-43-6,"Dichloroacetic acid"
604,127-51-5,"alpha-Isomethylionone"
605,123-01-3,"Dodecylbenzene"
606,62-38-4,"Phenylmercuric acetate"
607,10222-01-2,"2,2-Dibromo-3-nitrilopropionamide"
608,1191-50-0,"Sodium myristyl sulfate"
609,2634-33-5,"1,2-Benzisothiazolin-3-one"
610,88-85-7,"Dinoseb"
611,208-96-8,"Acenaphthylene"
612,650-51-1,"Sodium trichloroacetate"
613,20325-40-0,"3,3'-Dimethoxybenzidine dihydrochloride"
614,331623-06-4,"MK-547"
615,96-23-1,"1,3-Dichloro-2-propanol"
616,129453-61-8,"Fulvestrant"
617,119-61-9,"Benzophenone"
618,103-23-1,"Di(2-ethylhexyl) adipate"
619,55566-30-8,"Tetrakis(hydroxymethyl)phosphonium sulfate"
620,60-51-5,"Dimethoate"
621,115-32-2,"Dicofol"
622,141-66-2,"Dicrotophos"
623,134605-64-4,"Butafenacil"
624,131341-86-1,"Fludioxonil"
625,79241-46-6,"Fluazifop-P-butyl"
626,68694-11-1,"Triflumizole"
627,173584-44-6,"Indoxacarb"
628,29091-21-2,"Prodiamine"
629,68157-60-8,"Forchlorfenuron"
630,120068-37-3,"Fipronil"
631,97886-45-8,"Dithiopyr"
632,103361-09-7,"Flumioxazin"
633,122008-85-9,"Cyhalofop-butyl"
634,128639-02-1,"Carfentrazone-ethyl"
635,131807-57-3,"Famoxadone"
636,57966-95-7,"Cymoxanil"
637,57837-19-1,"Metalaxyl"
638,23031-36-9,"Prallethrin"
639,156052-68-5,"Zoxamide"
640,112281-77-3,"Tetraconazole"
641,74051-80-2,"Sethoxydim"
642,161050-58-4,"Methoxyfenozide"
643,113136-77-9,"Cyclanilide"
644,94361-06-5,"Cyproconazole"
645,298-00-0,"Methyl parathion"
646,23184-66-9,"Butachlor"
647,81777-89-1,"Clomazone"
648,149979-41-9,"Tepraloxydim"
649,52315-07-8,"Cypermethrin"
650,42874-03-3,"Oxyfluorfen"
651,35575-96-3,"Azamethiphos"
652,10043-35-3,"Boric acid"
653,55-38-9,"Fenthion"
654,15972-60-8,"Alachlor"
655,52-68-6,"Trichlorfon"
656,122-14-5,"Fenitrothion"
657,7287-19-6,"Prometryn"
658,1582-09-8,"Trifluralin"
659,1861-40-1,"Benfluralin"
660,43121-43-3,"Triadimefon"
661,40487-42-1,"Pendimethalin"
662,10265-92-6,"Methamidophos"
663,1698-60-8,"Chloridazon"
664,144550-36-7,"Iodosulfuron-methyl-sodium"
665,123312-89-0,"Pymetrozine"
666,42509-80-8,"Isazofos"
667,16752-77-5,"Methomyl"
668,2593-15-9,"Etridiazole"
669,335-67-1,"PFOA"
670,87-90-1,"Symclosene"
671,101-10-0,"Cloprop"
672,55406-53-6,"3-Iodo-2-propynyl-N-butylcarbamate"
673,136-45-8,"Dipropyl pyridine-2,5-dicarboxylate"
674,1929-82-4,"Nitrapyrin"
675,15299-99-7,"Napropamide"
676,134-62-3,"DEET"
677,94-82-6,"2,4-DB"
678,36734-19-7,"Iprodione"
679,66215-27-8,"Cyromazine"
680,4376-18-5,"Monomethyl phthalate"
681,63-25-2,"Carbaryl"
682,6153-64-6,"Oxytetracycline dihydrate"
683,1918-00-9,"Dicamba"
684,330-54-1,"Diuron"
685,50471-44-8,"Vinclozolin"
686,69377-81-7,"Fluroxypyr"
687,53112-28-0,"Pyrimethanil"
688,138261-41-3,"Imidacloprid"
689,23103-98-2,"Pirimicarb"
690,78587-05-0,"Hexythiazox"
691,118134-30-8,"Spiroxamine"
692,199119-58-9,"Trifloxysulfuron-sodium"
693,188489-07-8,"Flufenpyr-ethyl"
694,153719-23-4,"Thiamethoxam"
695,81334-34-1,"Imazapyr"
696,741-58-2,"Bensulide"
697,84087-01-4,"Quinclorac"
698,76738-62-0,"Paclobutrazol"
699,300-76-5,"Naled"
700,5598-13-0,"Chlorpyrifos-methyl"
701,1007-28-9,"Deisopropylatrazine"
702,30560-19-1,"Acephate"
703,71751-41-2,"Abamectin"
704,333-41-5,"Diazinon"
705,27314-13-2,"Norflurazon"
706,51707-55-2,"Thidiazuron"
707,1134-23-2,"Cycloate"
708,66230-04-4,"Esfenvalerate"
709,81335-37-7,"Imazaquin"
710,39515-41-8,"Fenpropathrin"
711,1610-18-0,"Prometon"
712,51338-27-3,"Diclofop-methyl"
713,34256-82-1,"Acetochlor"
714,116-06-3,"Aldicarb"
715,110488-70-5,"Dimethomorph"
716,141112-29-0,"Isoxaflutole"
717,361377-29-9,"Fluoxastrobin"
718,111988-49-9,"Thiacloprid"
719,81406-37-3,"Fluroxypyr-meptyl"
720,85509-19-9,"Flusilazole"
721,79983-71-4,"Hexaconazole"
722,112410-23-8,"Tebufenozide"
723,35554-44-0,"Imazalil"
724,82558-50-7,"Isoxaben"
725,79538-32-2,"Tefluthrin"
726,124495-18-7,"Quinoxyfen"
727,104098-48-8,"Imazapic"
728,74115-24-5,"Clofentezine"
729,148-79-8,"Thiabendazole"
730,21087-64-9,"Metribuzin"
731,1897-45-6,"Chlorothalonil"
732,94-75-7,"2,4-Dichlorophenoxyacetic acid"
733,1194-65-6,"Dichlobenil"
734,122-39-4,"Diphenylamine"
735,420-04-2,"Cyanamide"
736,123-33-1,"Maleic hydrazide"
737,2425-06-1,"Captafol"
738,55335-06-3,"Triclopyr"
739,6734-80-1,"Metam-sodium hydrate"
740,2303-17-5,"Tri-allate"
741,126833-17-8,"Fenhexamid"
742,23135-22-0,"Oxamyl"
743,142459-58-3,"Flufenacet"
744,181274-15-7,"Propoxycarbazone-sodium"
745,88671-89-0,"Myclobutanil"
746,69327-76-0,"Buprofezin"
747,121552-61-2,"Cyprodinil"
748,66441-23-4,"Fenoxaprop-ethyl"
749,28249-77-6,"Thiobencarb"
750,119446-68-3,"Difenoconazole"
751,7696-12-0,"Tetramethrin"
752,51218-45-2,"Metolachlor"
753,23950-58-5,"Propyzamide"
754,1634-78-2,"Malaoxon"
755,135410-20-7,"Acetamiprid"
756,210880-92-5,"Clothianidin"
757,114311-32-9,"Imazamox"
758,33089-61-1,"Amitraz"
759,67747-09-5,"Prochloraz"
760,81335-77-5,"Imazethapyr"
761,133-07-3,"Folpet"
762,62924-70-3,"Flumetralin"
763,533-74-4,"Dazomet"
764,1596-84-5,"Daminozide"
765,101-05-3,"Anilazine"
766,26225-79-6,"Ethofumesate"
767,314-40-9,"Bromacil"
768,55283-68-6,"Ethalfluralin"
769,21725-46-2,"Cyanazine"
770,50594-66-6,"Acifluorfen"
771,60207-90-1,"Propiconazole"
772,34014-18-1,"Tebuthiuron"
773,5902-51-2,"Terbacil"
774,19666-30-9,"Oxadiazon"
775,759-94-4,"EPTC"
776,10453-86-8,"Resmethrin"
777,1702-17-6,"Clopyralid"
778,834-12-8,"Ametryn"
779,52645-53-1,"Permethrin"
780,115-29-7,"Endosulfan"
781,2310-17-0,"Phosalone"
782,51235-04-2,"Hexazinone"
783,72490-01-8,"Fenoxycarb"
784,1918-02-1,"Picloram"
785,2164-17-2,"Fluometuron"
786,6923-22-4,"Monocrotophos"
787,23564-05-8,"Thiophanate-methyl"
788,31218-83-4,"Propetamphos"
789,25057-89-0,"Bentazone"
790,114369-43-6,"Fenbuconazole"
791,24307-26-4,"Mepiquat chloride"
792,95737-68-1,"Pyriproxyfen"
793,129630-19-9,"Pyraflufen-ethyl"
794,5234-68-4,"Carboxin"
795,330-55-2,"Linuron"
796,105512-06-9,"Clodinafop-propargyl"
797,131-70-4,"Monobutyl phthalate"
798,3337-71-1,"Asulam"
799,122-99-6,"2-Phenoxyethanol"
800,82657-04-3,"Bifenthrin"
801,90-43-7,"2-Phenylphenol"
802,66332-96-5,"Flutolanil"
803,950-37-8,"Methidathion"
804,121-75-5,"Malathion"
805,13194-48-4,"Ethoprop"
806,22224-92-6,"Fenamiphos"
807,1763-23-1,"PFOS"
808,117-81-7,"Di(2-ethylhexyl) phthalate"
809,188425-85-6,"Boscalid"
810,51-03-6,"Piperonyl butoxide"
811,72-43-5,"Methoxychlor"
812,4376-20-9,"MEHP"
813,77501-63-4,"Lactofen"
814,12427-38-2,"Maneb"
815,96182-53-5,"Tebupirimfos"
816,75-60-5,"Dimethylarsinic acid"
817,56-72-4,"Coumaphos"
818,22781-23-3,"Bendiocarb"
819,86-50-0,"Azinphos-methyl"
820,33629-47-9,"Butralin"
821,23422-53-9,"Formetanate hydrochloride"
822,60168-88-9,"Fenarimol"
823,87674-68-8,"Dimethenamid"
824,135158-54-2,"Acibenzolar-S-methyl"
825,113-48-4,"MGK-264"
826,43222-48-6,"Difenzoquat metilsulfate"
827,120116-88-3,"Cyazofamid"
828,57754-85-5,"Clopyralid-olamine"
829,2008-41-5,"Butylate"
830,2212-67-1,"Molinate"
831,29232-93-7,"Pirimiphos-methyl"
832,7786-34-7,"Mevinphos"
833,28434-00-6,"S-Bioallethrin"
834,54593-83-8,"Chlorethoxyfos"
835,98967-40-9,"Flumetsulam"
836,25606-41-1,"Propamocarb hydrochloride"
837,133-06-2,"Captan"
838,123343-16-8,"Pyrithiobac-sodium"
839,87546-18-7,"Flumiclorac-pentyl"
840,117718-60-2,"Thiazopyr"
841,83657-24-3,"Diniconazole"
842,117337-19-6,"Fluthiacet-methyl"
843,145701-21-9,"Diclosulam"
844,78-48-8,"Tribufos"
845,94-74-6,"MCPA"
846,709-98-8,"Propanil"
847,120-36-5,"Dichlorprop"
848,122-34-9,"Simazine"
849,16672-87-0,"Ethephon"
850,96-45-7,"Ethylene thiourea"
851,137-26-8,"Thiram"
852,6385-62-2,"Diquat dibromide monohydrate"
853,122836-35-5,"Sulfentrazone"
854,69806-50-4,"Fluazifop-butyl"
855,2675-77-6,"Chloroneb"
856,59669-26-0,"Thiodicarb"
857,76-87-9,"Triphenyltin hydroxide"
858,1689-84-5,"Bromoxynil"
859,101-21-3,"Chlorpropham"
860,131-11-3,"Dimethyl phthalate"
861,114-26-1,"Propoxur"
862,139-40-2,"Propazine"
863,58-89-9,"Lindane"
864,1912-24-9,"Atrazine"
865,82-68-8,"Pentachloronitrobenzene"
866,84-74-2,"Dibutyl phthalate"
867,17804-35-2,"Benomyl"
868,104206-82-8,"Mesotrione"
869,87820-88-0,"Tralkoxydim"
870,131983-72-7,"Triticonazole"
871,962-58-3,"Diazoxon"
872,5598-15-2,"Chlorpyrifos oxon"
873,NOCAS_34742,"Milbemectin (mixture of 70% Milbemcin A4, 30% Milbemycin A3)"
874,153233-91-1,"Etoxazole"
875,116714-46-6,"Novaluron"
876,87818-31-3,"Cinmethylin"
877,68359-37-5,"Cyfluthrin"
878,58394-64-2,"Benzyloctyl adipate"
879,79622-59-6,"Fluazinam"
880,148477-71-8,"Spirodiclofen"
881,85264-33-1,"(3,5-Dimethyl-1H-pyrazol-1-yl)methanol"
882,33956-49-9,"Codlelure"
883,99-86-5,"alpha-Terpinene"
884,525-79-1,"Kinetin"
885,95-13-6,"Indene"
886,140-56-7,"Fenaminosulf"
887,654055-01-3,"Morin hydrate"
888,101-42-8,"Fenuron"
889,7540-51-4,"(S)-(-)-beta-Citronellol"
890,571-58-4,"1,4-Dimethylnaphthalene"
891,6485-40-1,"R-(-)-Carvone"
892,541-73-1,"1,3-Dichlorobenzene"
893,28804-88-8,"Dimethylnaphthalene"
894,99-85-4,"gamma-Terpinene"
895,2444-46-4,"Nonivamide"
896,140-11-4,"Benzyl acetate"
897,116-29-0,"Tetradifon"
898,101463-69-8,"Flufenoxuron"
899,11099-07-3,"Glyceryl stearates"
900,4468-42-2,"3-Phenylhexane"
901,283594-90-1,"Spiromesifen"
902,18924-66-8,"2,2'-(Tetradecylimino)diethanol"
903,1541-81-7,"4-Dodecylmorpholine"
904,55512-33-9,"Pyridate"
905,163520-33-0,"Isoxadifen-ethyl"
906,21145-77-7,"6-Acetyl-1,1,2,4,4,7-hexamethyltetralin"
907,2917-73-9,"Dibutyl nonanedioate"
908,3913-02-8,"2-Butyloctan-1-ol"
909,42978-66-5,"Tripropylene glycol diacrylate"
910,110-17-8,"Fumaric acid"
911,99-63-8,"1,3-Benzenedicarbonyl dichloride"
912,5329-14-6,"Sulfamic acid"
913,7757-79-1,"Potassium nitrate"
914,137-42-8,"Metam-sodium"
915,126-30-7,"2,2-Dimethylpropane-1,3-diol"
916,61-82-5,"Amitrole"
917,110-65-6,"2-Butyne-1,4-diol"
918,824-39-5,"Sodium 2-nitrophenolate"
919,3164-85-0,"Potassium 2-ethylhexanoate"
920,684-93-5,"N-Nitroso-N-methylurea"
921,1762-95-4,"Thiocyanic acid, ammonium salt"
922,139-02-6,"Sodium phenolate"
923,106-50-3,"1,4-Benzenediamine"
924,110-16-7,"Maleic acid"
925,123-77-3,"Azodicarbonamide"
926,62-74-8,"Sodium fluoroacetate"
927,3926-62-3,"Sodium chloroacetate"
928,3811-04-9,"Potassium chlorate"
929,611-20-1,"2-Hydroxybenzonitrile"
930,110-15-6,"Butanedioic acid"
931,534-13-4,"N,N'-Dimethylthiourea"
932,2231-57-4,"Thiocarbazide"
933,461-58-5,"Cyanoguanidine"
934,6610-29-3,"N-Methylhydrazinecarbothioamide"
935,5536-61-8,"Sodium methacrylate"
936,79-14-1,"Glycolic acid"
937,108-68-9,"3,5-Dimethylphenol"
938,143390-89-0,"Kresoxim-methyl"
939,178928-70-6,"Prothioconazole"
940,791-31-1,"Triphenylsilanol"
941,623-36-9,"2-Methylpent-2-enal"
942,4390-04-9,"2,2,4,4,6,8,8-Heptamethylnonane"
943,821-55-6,"2-Nonanone"
944,3647-69-6,"4-(2-Chloroethyl)morpholine hydrochloride (1:1)"
945,93-02-7,"2,5-Dimethoxybenzaldehyde"
946,84-15-1,"o-Terphenyl"
947,1570-64-5,"4-Chloro-2-methylphenol"
948,101-84-8,"Diphenyl oxide"
949,95-49-8,"2-Chlorotoluene"
950,123-11-5,"4-Methoxybenzaldehyde"
951,460-00-4,"1-Bromo-4-fluorobenzene"
952,109-86-4,"2-Methoxyethanol"
953,83-67-0,"Theobromine"
954,56-38-2,"Parathion"
955,41198-08-7,"Profenofos"
956,155569-91-8,"Emamectin benzoate"
957,62-73-7,"Dichlorvos"
958,298-04-4,"Disulfoton"
959,6317-18-6,"Methylene bis(thiocyanate)"
960,999-97-3,"Hexamethyldisilazane"
961,101-83-7,"Dicyclohexylamine"
962,109-55-7,"3-(Dimethylamino)propylamine"
963,102-82-9,"Tributylamine"
964,124-09-4,"1,6-Hexanediamine"
965,104-76-7,"2-Ethyl-1-hexanol"
966,95-48-7,"o-Cresol"
967,124-18-5,"Decane"
968,124-13-0,"Octanal"
969,87-86-5,"Pentachlorophenol"
970,101-72-4,"N-Isopropyl-N'-phenyl-p-phenylenediamine"
971,75-64-9,"tert-Butylamine"
972,99-87-6,"p-Cymene"
973,111-49-9,"Hexamethyleneimine"
974,620-17-7,"3-Ethylphenol"
975,25168-05-2,"Chlorotoluene"
976,90-12-0,"1-Methylnaphthalene"
977,109-77-3,"Propanedinitrile"
978,95-57-8,"2-Chlorophenol"
979,88-72-2,"2-Nitrotoluene"
980,110-80-5,"2-Ethoxyethanol"
981,109-02-4,"4-Methylmorpholine"
982,121-69-7,"N,N-Dimethylaniline"
983,100-37-8,"N,N-Diethylethanolamine"
984,108-91-8,"Cyclohexylamine"
985,68-12-2,"N,N-Dimethylformamide"
986,75-86-5,"2-Hydroxy-2-methylpropanenitrile"
987,108-95-2,"Phenol"
988,95-63-6,"1,2,4-Trimethylbenzene"
989,110-43-0,"2-Heptanone"
990,1563-38-8,"2,3-Dihydro-2,2-dimethyl-7-benzofuranol"
991,87-25-2,"Ethyl anthranilate"
992,98-86-2,"Acetophenone"
993,79-24-3,"Nitroethane"
994,81-07-2,"Saccharin"
995,106-43-4,"4-Chlorotoluene"
996,141-32-2,"Butyl acrylate"
997,93-65-2,"Mecoprop"
998,126-98-7,"Methacrylonitrile"
999,95-76-1,"3,4-Dichloroaniline"
1000,29387-86-8,"Propylene glycol monobutyl ether"
1001,1112-39-6,"Dimethoxydimethylsilane"
1002,1873-88-7,"1,1,1,3,5,5,5-Heptamethyltrisiloxane"
1003,1118-46-3,"Butyltin trichloride"
1004,1214-39-7,"N-Benzyladenine"
1005,105-54-4,"Ethyl butyrate"
1006,4940-11-8,"2-Ethyl-3-hydroxy-4H-pyran-4-one"
1007,2031-67-6,"Triethoxymethylsilane"
1008,117-80-6,"Dichlone"
1009,2996-92-1,"Trimethoxyphenylsilane"
1010,140-08-9,"Tris(2-chloroethyl) phosphite"
1011,1076-97-7,"1,4-Cyclohexanedicarboxylic acid"
1012,92-69-3,"4-Phenylphenol"
1013,1120-21-4,"Undecane"
1014,93-76-5,"2,4,5-Trichlorophenoxyacetic acid"
1015,143-08-8,"1-Nonanol"
1016,122-20-3,"Triisopropanolamine"
1017,140-95-4,"Dimethylolurea"
1018,111-96-6,"Bis(2-methoxyethyl) ether"
1019,104-87-0,"4-Methylbenzaldehyde"
1020,1401-55-4,"Tannic acid"
1021,109-46-6,"N,N'-Dibutylthiourea"
1022,512-42-5,"Sodium methyl sulfate"
1023,34451-19-9,"Butyl (2S)-2-hydroxypropanoate"
1024,957-51-7,"Diphenamid"
1025,50-21-5,"Lactic acid"
1026,110-97-4,"Diisopropanolamine"
1027,131-57-7,"2-Hydroxy-4-methoxybenzophenone"
1028,587-85-9,"Diphenylmercury(II)"
1029,142-31-4,"Sodium octyl sulfate"
1030,1646-88-4,"Aldoxycarb"
1031,6190-65-4,"Deethylatrazine"
1032,142-18-7,"1-Monolaurin"
1033,141-22-0,"(9Z,12R)-12-Hydroxyoctadec-9-enoic acid"
1034,123-07-9,"4-Ethylphenol"
1035,493-52-7,"Methyl red"
1036,57-09-0,"Hexadecyltrimethylammonium bromide"
1037,69806-40-2,"Haloxyfop-methyl"
1038,110-05-4,"Di-tert-butyl peroxide"
1039,110-33-8,"Dihexyl hexanedioate"
1040,1559-34-8,"3,6,9,12-Tetraoxahexadecan-1-ol"
1041,10025-74-8,"Dysprosium(III) chloride"
1042,2756-56-1,"Isobornyl propanoate"
1043,138-22-7,"Butyl lactate"
1044,139-87-7,"Ethyl diethanolamine"
1045,877-24-7,"Monopotassium phthalate"
1046,97-78-9,"N-Dodecanoyl-N-methylglycine"
1047,4574-04-3,"Myristyltrimethylammonium chlorideN,N,N-Trimethyltetradecan-1-aminium chloride"
1048,3025-30-7,"Ethyl (2E,4Z)-deca-2,4-dienoate"
1049,140-38-5,"4-Chlorophenylurea"
1050,628-63-7,"Pentyl acetate"
1051,35400-43-2,"Sulprofos"
1052,59-40-5,"Sulfaquinoxaline"
1053,544-63-8,"Tetradecanoic acid"
1054,77-86-1,"Tromethamine"
1055,123-99-9,"Nonanedioic acid"
1056,80-54-6,"3-(4-tert-Butylphenyl)-2-methylpropanal"
1057,110-69-0,"Butanal oxime"
1058,24157-81-1,"2,6-Diisopropylnaphthalene"
1059,99-62-7,"1,3-Diisopropylbenzene"
1060,78-51-3,"Tris(2-butoxyethyl) phosphate"
1061,96-09-3,"Styrene oxide"
1062,88-30-2,"3-Trifluoromethyl-4-nitrophenol"
1063,90-30-2,"N-Phenyl-1-naphthylamine"
1064,118-75-2,"Chloranil"
1065,2934-05-6,"2,4-Diisopropylphenol"
1066,4107-98-6,"N,N-Diisopropylaniline"
1067,78-07-9,"Ethyltriethoxysilane"
1068,23089-26-1,"Levomenol"
1069,21662-09-9,"(4Z)-4-Decenal"
1070,93-92-5,"(+/-)-alpha-Methylbenzyl acetate"
1071,122-42-9,"Propham"
1072,5870-93-9,"Heptyl butanoate"
1073,499-75-2,"Isopropyl-o-cresol"
1074,78-70-6,"Linalool"
1075,104-61-0,"gamma-Nonanolactone"
1076,7681-82-5,"Sodium iodide"
1077,2425-77-6,"2-Hexyl-1-decanol"
1078,657-84-1,"Sodium 4-methylbenzenesulfonate"
1079,717-74-8,"1,3,5-Triisopropylbenzene"
1080,21245-02-3,"2-Ethylhexyl 4-(dimethylamino)benzoate"
1081,6259-76-3,"Hexyl salicylate"
1082,1008-72-6,"Sodium 2-formylbenzenesulfonate"
1083,941-69-5,"1-Phenyl-1H-pyrrole-2,5-dione"
1084,118-58-1,"Benzyl salicylate"
1085,97-74-5,"Tetramethylthiuram monosulfide"
1086,7212-44-4,"Nerolidol"
1087,94-71-3,"2-Ethoxyphenol"
1088,112-12-9,"2-Undecanone"
1089,104-54-1,"3-Phenyl-2-propen-1-ol"
1090,122-78-1,"Phenylacetaldehyde"
1091,6152-33-6,"Sodium 2-phenylphenate tetrahydrate"
1092,66-71-7,"1,10-Phenanthroline"
1093,487-06-9,"5,7-Dimethoxy-2H-chromen-2-one"
1094,587-65-5,"2-Chloro-N-phenylacetamide"
1095,80-09-1,"4,4'-Sulfonyldiphenol"
1096,143-07-7,"Dodecanoic acid"
1097,78-40-0,"Triethyl phosphate"
1098,123-92-2,"3-Methylbutyl acetate"
1099,4065-45-6,"Sulisobenzone"
1100,97-59-6,"Allantoin"
1101,928-96-1,"(Z)-3-Hexen-1-ol"
1102,706-14-9,"gamma-Decanolactone"
1103,126-07-8,"Griseofulvin"
1104,496-46-8,"Glycoluril"
1105,99-07-0,"3-Dimethylaminophenol"
1106,609-54-1,"2,5-Dimethylbenzenesulfonic acid"
1107,55934-93-5,"Tripropylene glycol butyl ether"
1108,88-41-5,"2-tert-Butylcyclohexyl acetate"
1109,133855-98-8,"Epoxiconazole"
1110,556-61-6,"Methyl isothiocyanate"
1111,2642-71-9,"Azinphos-ethyl"
1112,1120-01-0,"Sodium hexyldecyl sulfate"
1113,106-30-9,"Ethyl heptanoate"
1114,695-06-7,"gamma-Caprolactone"
1115,51630-58-1,"Fenvalerate"
1116,6728-26-3,"(2E)-2-Hexenal"
1117,128-95-0,"1,4-Diaminoanthraquinone"
1118,682-01-9,"Tetrapropyl orthosilicate"
1119,25155-18-4,"Methylbenzethonium chloride"
1120,106-27-4,"Isopentyl butyrate"
1121,83-88-5,"Riboflavin"
1122,120-46-7,"1,3-Diphenyl-1,3-propanedione"
1123,107-75-5,"7-Hydroxy-3,7-dimethyloctanal"
1124,50-70-4,"D-Glucitol"
1125,101-81-5,"Diphenylmethane"
1126,84-61-7,"Dicyclohexyl phthalate"
1127,489-01-0,"2,6-Di-tert-butyl-4-methoxyphenol"
1128,64-10-8,"1-Phenylurea"
1129,126-14-7,"Sucrose octaacetate"
1130,81-88-9,"Rhodamine B"
1131,532-02-5,"Sodium 2-naphthalenesulfonate"
1132,64-19-7,"Acetic acid"
1133,79-19-6,"Thiosemicarbazide"
1134,1335-46-2,"Methylionone"
1135,2122-70-5,"Ethyl 1-naphthaleneacetate"
1136,4437-85-8,"Butylene carbonate"
1137,95-32-9,"2-(Morpholin-4-yldithio)-1,3-benzothiazole"
1138,92-04-6,"2-Chloro-4-phenylphenol"
1139,818-61-1,"2-Hydroxyethyl acrylate"
1140,138-86-3,"Limonene"
1141,135-57-9,"2,2'-Dibenzoylaminodiphenyl disulfide"
1142,4130-42-1,"2,6-Di-tert-butyl-4-ethylphenol"
1143,645-62-5,"2-Ethyl-2-hexenal"
1144,2492-26-4,"Sodium 2-mercaptobenzothiolate"
1145,122-19-0,"N,N-Dimethyl-N-octadecylbenzenemethanaminium chloride"
1146,605-45-8,"Diisopropyl phthalate"
1147,107-92-6,"Butanoic acid"
1148,130-14-3,"Sodium 1-naphthalenesulfonate"
1149,497-39-2,"4,6-Di-tert-butyl-m-cresol"
1150,123-17-1,"2,6,8-Trimethyl-4-nonanol"
1151,2554-06-5,"1,3,5,7-Tetramethyl-1,3,5,7-tetravinylcyclotetrasiloxane"
1152,147-81-9,"Arabinose"
1153,87-01-4,"7-(Dimethylamino)-4-methylcoumarin"
1154,26402-26-6,"Glyceryl monooctanoate"
1155,2390-60-5,"Basic Blue 7"
1156,2610-11-9,"C.I. Direct Red 81 disodium salt"
1157,27344-41-8,"Disodium 4,4'-bis(2-sulfostyryl)biphenyl"
1158,103-34-4,"4,4'-Dithiodimorpholine"
1159,13171-00-1,"1-(6-tert-Butyl-1,1-dimethyl-2,3-dihydro-1H-inden-4-yl)ethanone"
1160,120-65-0,"2-((Dimethylamino)methyl)phenol"
1161,129-06-6,"Sodium warfarin"
1162,4712-55-4,"Diphenyl phosphite"
1163,2687-94-7,"N-Octyl-2-pyrrolidone"
1164,97-00-7,"1-Chloro-2,4-dinitrobenzene"
1165,485-31-4,"Binapacryl"
1166,139-88-8,"7-Ethyl-2-methyl-4-undecanolsulfate, sodium salt"
1167,618-45-1,"3-Isopropylphenol"
1168,1929-73-3,"2,4-D-Butotyl"
1169,99607-70-2,"Cloquintocet-mexyl"
1170,71283-80-2,"Fenoxaprop-P-ethyl"
1171,26002-80-2,"Phenothrin"
1172,67564-91-4,"(2R,6S)-Fenpropimorph"
1173,470-90-6,"Chlorfenvinphos"
1174,1031-07-8,"Endosulfan sulfate"
1175,122453-73-0,"Chlorfenapyr"
1176,14816-18-3,"Phoxim"
1177,311-45-5,"Paraoxon"
1178,959-98-8,"Endosulfan I"
1179,3734-33-6,"Denatonium benzoate"
1180,19774-82-4,"Amiodarone hydrochloride"
1181,2445-77-4,"2-Methylbutyl isovalerate"
1182,5138-18-1,"Sulfosuccinic acid"
1183,57-06-7,"Allyl isothiocyanate"
1184,50-27-1,"Estriol"
1185,1189-08-8,"1,3-Butyleneglycol dimethacrylate"
1186,101-37-1,"2,4,6-Tris(allyloxy)-1,3,5-triazine"
1187,7779-27-3,"1,3,5-Triethylhexahydro-s-triazine"
1188,3452-97-9,"3,5,5-Trimethyl-1-hexanol"
1189,4638-48-6,"5-Chlorosalicylanilide"
1190,51632-16-7,"1-(Bromomethyl)-3-phenoxybenzene"
1191,124-76-5,"Isoborneol"
1192,5850-86-2,"C.I. Acid Orange 8, monosodium salt"
1193,31519-22-9,"1,4-Dihydroxy-2-naphthoic acid"
1194,120-18-3,"Naphthalene-2-sulfonic acid"
1195,126-06-7,"3-Bromo-1-chloro-5,5-dimethylhydantoin"
1196,4707-47-5,"Methyl 2,4-dihydroxy-3,6-dimethylbenzoate"
1197,15625-89-5,"Trimethylolpropane triacrylate"
1198,585-34-2,"3-tert-Butylphenol"
1199,2386-87-0,"UT-632"
1200,119-47-1,"2,2'-Methylenebis(4-methyl-6-tert-butylphenol)"
1201,108-83-8,"Diisobutyl ketone"
1202,95-53-4,"2-Methylaniline"
1203,98-07-7,"Benzotrichloride"
1204,85-40-5,"1,2,3,6-Tetrahydrophthalimide"
1205,88-74-4,"2-Nitroaniline"
1206,328-84-7,"1,2-Dichloro-4-(trifluoromethyl)benzene"
1207,118-79-6,"2,4,6-Tribromophenol"
1208,107-07-3,"2-Chloroethanol"
1209,110-12-3,"5-Methyl-2-hexanone"
1210,95-50-1,"1,2-Dichlorobenzene"
1211,107-54-0,"3,5-Dimethyl-1-hexyn-3-ol"
1212,692-86-4,"Ethyl undec-10-enoate"
1213,2627-95-4,"1,3-Divinyl-1,1,3,3-tetramethyl disiloxane"
1214,4162-45-2,"Tetrabromobisphenol A bis(2-hydroxyethyl) ether"
1215,728-40-5,"2,6-Di-tert-butyl-4-nitrophenol"
1216,22248-79-9,"Z-Tetrachlorvinphos"
1217,1646-75-9,"Aldicarb oxime"
1218,6706-59-8,"L-Glucitol"
1219,59227-89-3,"Laurocapram"
1220,827-21-4,"Sodium m-xylene-4-sulfonate"
1221,1742-14-9,"1,1-Bis(3,4-dimethylphenyl)ethane"
1222,27306-78-1,"Silwet L77"
1223,25638-17-9,"Butylnaphthalenesulfonic acid sodium salt"
1224,2110-18-1,"2-(3-Phenylpropyl)pyridine"
1225,14765-30-1,"2-sec-Butylcyclohexanone"
1226,80-27-3,"Terpinyl propionate"
1227,3383-96-8,"Temephos"
1228,151-05-3,"Dimethylbenzylcarbinyl acetate"
1229,10094-34-5,"1,1-Dimethyl-2-phenylethyl butanoate"
1230,32388-55-9,"1-Cedr-8-en-9-ylethanone"
1231,2694-54-4,"Triallyl trimellitate"
1232,27253-33-4,"Calcium neodecanoate"
1233,110-25-8,"Oleyl sarcosine"
1234,1907-65-9,"N-Butyl-p-toluenesulfonamide"
1235,5153-25-3,"2-Ethylhexylparaben"
1236,29385-43-1,"Tolyltriazole"
1237,25812-30-0,"Gemfibrozil"
1238,22839-47-0,"Aspartame"
1239,60-33-3,"Linoleic acid"
1240,127-47-9,"Retinol acetate"
1241,54-85-3,"Isoniazid"
1242,13674-87-8,"TDCPP"
1243,53-43-0,"Dehydroepiandrosterone"
1244,1300-73-8,"Dimethylaniline"
1245,72-33-3,"Mestranol"
1246,80-26-2,"alpha-Terpinyl acetate"
1247,120-14-9,"Veratraldehyde"
1248,552-30-7,"Trimellitic anhydride"
1249,2016-57-1,"1-Decanamine"
1250,117-08-8,"Tetrachlorophthalic anhydride"
1251,111991-09-4,"Nicosulfuron"
1252,2439-01-2,"Chinomethionate"
1253,14351-66-7,"Sodium abietate"
1254,63-42-3,"Lactose"
1255,23779-32-0,"1-[3-(Triethoxysilyl)propyl]urea"
1256,107-51-7,"Octamethyltrisiloxane"
1257,2761-24-2,"Triethoxypentylsilane"
1258,81741-28-8,"Tributyltetradecylphosphonium chloride"
1259,1559-35-9,"2-(2-Ethylhexyloxy)ethanol"
1260,58430-94-7,"3,5,5-Trimethylhexyl acetate"
1261,68555-86-2,"Acid Orange 156"
1262,17418-58-5,"C.I. Disperse Red 60"
1263,21739-91-3,"Cytembena"
1264,120-56-9,"Triethylene glycol dibenzoate"
1265,15046-75-0,"Sodium 2-methylbenzenesulfonate"
1266,67786-14-5,"Acid Red 337"
1267,126-92-1,"Sodium ethasulfate"
1268,1825-21-4,"Pentachloroanisole"
1269,95266-40-3,"Trinexapac-ethyl"
1270,23564-06-9,"Thiophanate"
1271,139340-56-0,"Darbufelone mesylate"
1272,221246-12-4,"Fandosentan potassium salt"
1273,145742-28-5,"CP-122721"
1274,186392-65-4,"Ingliforib"
1275,149062-75-9,"PharmaGSID_47259"
1276,207736-05-8,"CI-1029"
1277,171866-31-2,"CP-283097"
1278,NOCAS_47267,"CP-642931"
1279,676116-04-4,"PD 0343701"
1280,368832-42-2,"CP-728663"
1281,123122-55-4,"Candoxatril"
1282,203942-49-8,"UK-337312"
1283,215297-27-1,"UK-343664"
1284,NOCAS_47292,"PD 0200347"
1285,NOCAS_47305,"CP-608039"
1286,162706-14-1,"UK-156819"
1287,461023-63-2,"Aplaviroc hydrochloride"
1288,180084-01-9,"SB236057A"
1289,184653-84-7,"Carabersat"
1290,NOCAS_47325,"SB413217A"
1291,NOCAS_47311,"GSK163929B"
1292,200940-23-4,"SB243213A"
1293,97322-87-7,"Troglitazone"
1294,139149-55-6,"SB202235"
1295,196808-45-4,"Farglitazar"
1296,263553-33-9,"GW473178E methyl benzene sulphonic acid"
1297,864283-48-7,"GSK232420A"
1298,219790-72-4,"SB281832"
1299,444610-91-7,"PharmaGSID_47315"
1300,313994-79-5,"MK-578"
1301,181640-09-5,"SR144190"
1302,264618-44-2,"SSR146977"
1303,159138-81-5,"Cariporide mesylate"
1304,NOCAS_47353,"SSR241586"
1305,288104-79-0,"Surinabant"
1306,439687-69-1,"Nelivaptan"
1307,344930-95-6,"SSR69071"
1308,221671-62-1,"SR146131"
1309,478263-98-8,"AVE3295"
1310,862243-29-6,"AVE9423"
1311,648917-13-9,"AVE2865"
1312,NOCAS_47379,"SSR126768"
1313,NOCAS_47383,"AVE3247"
1314,NOCAS_47385,"SAR377142"
1315,NOCAS_47389,"SAR150640"
1316,851916-42-2,"MK-812"
1317,1061517-62-1,"PharmaGSID_47337"
1318,65277-42-1,"Ketoconazole"
1319,75330-75-5,"Lovastatin"
1320,59-05-2,"Methotrexate"
1321,81131-70-6,"Pravastatin sodium"
1322,NOCAS_47349,"AVE8488"
1323,NOCAS_47381,"AVE8923"
1324,219714-96-2,"Penoxsulam"
1325,21564-17-0,"2-(Thiocyanomethylthio)benzothiazole"
1326,98886-44-3,"Fosthiazate"
1327,119515-38-7,"Icaridin"
1328,1114-71-2,"Pebulate"
1329,64700-56-7,"Triclopyr-butotyl"
1330,79277-27-3,"Thifensulfuron-methyl"
1331,137-66-6,"Ascorbyl palmitate"
1332,1118-92-9,"N,N-Dimethyloctanamide"
1333,20780-48-7,"3,7-Dimethyloctan-3-yl acetate"
1334,6359-90-6,"C.I. Acid Yellow 34, monosodium salt"
1335,58846-77-8,"Decyl beta-D-glucopyranoside"
1336,17230-88-5,"Danazol"
1337,2491-38-5,"2-Bromo-4-hydroxyacetophenone"
1338,51229-78-8,"Chloroallyl methenamine chloride"
1339,94-91-7,"N,N'-Disalicylidene-1,2-diaminopropane"
1340,35691-65-7,"1,2-Dibromo-2,4-dicyanobutane"
1341,6359-82-6,"Acid Yellow 11"
1342,1323-38-2,"Glyceryl monoricinoleate"
1343,3547-33-9,"2-Hydroxyethyl octyl sulfide"
1344,5116-94-9,"Monotridecyl phosphate"
1345,83834-59-7,"2-Ethylhexyl trans-4-methoxycinnamate"
1346,586-62-9,"Terpinolene"
1347,16587-71-6,"4-(tert-Pentyl)-cyclohexanone"
1348,463-40-1,"Linolenic acid"
1349,52-76-6,"Lynestrenol"
1350,77-83-8,"Ethyl methylphenylglycidate"
1351,118-55-8,"Phenyl salicylate"
1352,839-90-7,"Tris(2-hydroxyethyl) isocyanurate"
1353,135-20-6,"Cupferron"
1354,143-22-6,"2-[2-(2-Butoxyethoxy)ethoxy]ethanol"
1355,135-88-6,"N-Phenyl-2-naphthylamine"
1356,624-18-0,"1,4-Benzenediamine dihydrochloride"
1357,15708-41-5,"Ethylenediaminetetraacetic acid ferric sodium salt"
1358,512-56-1,"Trimethyl phosphate"
1359,5394-36-5,"5-Ethyl-5-methylhydantoin"
1360,106-23-0,"Citronellal"
1361,18172-67-3,"(-)-beta-Pinene"
1362,33228-45-4,"4-Hexylaniline"
1363,540-18-1,"Pentyl butyrate"
1364,111-15-9,"2-Ethoxyethyl acetate"
1365,103055-07-8,"Lufenuron"
1366,7775-27-1,"Sodium persulfate"
1367,53-19-0,"o,p'-DDD"
1368,610-39-9,"3,4-Dinitrotoluene"
1369,612-82-8,"3,3'-Dimethylbenzidine dihydrochloride"
1370,97-23-4,"Dichlorophen"
1371,2702-72-9,"2,4-D sodium salt"
1372,3194-55-6,"1,2,5,6,9,10-Hexabromocyclododecane"
1373,55589-62-3,"Acesulfame potassium"
1374,683-18-1,"Dibutyltin dichloride"
1375,753-73-1,"Dimethyltin dichloride"
1376,636-21-5,"2-Methylaniline hydrochloride"
1377,538-75-0,"Dicyclohexylcarbodiimide"
1378,93-89-0,"Ethyl benzoate"
1379,98-53-3,"4-tert-Butylcyclohexanone"
1380,762-04-9,"Diethyl phosphite"
1381,4602-84-0,"Farnesol"
1382,3391-86-4,"1-Octen-3-ol"
1383,93-56-1,"Styrene glycol"
1384,88-04-0,"4-Chloro-3,5-dimethylphenol"
1385,58-86-6,"D-Xylose"
1386,88-69-7,"2-Isopropylphenol"
1387,638-07-3,"Ethyl 4-chloro-3-oxobutanoate"
1388,13676-54-5,"Bismaleimide"
1389,8001-54-5,"Benzalkonium chloride"
1390,1119-97-7,"Tetradonium bromide"
1391,123-00-2,"4-Morpholinepropanamine"
1392,122-18-9,"Benzylhexadecyldimethylammonium chloride"
1393,142-87-0,"Sodium decyl sulfate"
1394,61-73-4,"Methylene blue"
1395,633-96-5,"C.I. Acid Orange 7"
1396,5437-45-6,"Benzyl bromoacetate"
1397,56375-79-2,"N,N-Dibutyl-N-methylbutan-1-aminium chloride"
1398,3026-63-9,"Sodium tridecyl sulfate"
1399,5146-66-7,"3,7-Dimethyl-2,6-octadienenitrile"
1400,51-05-8,"Procaine hydrochloride"
1401,104-51-8,"Butylbenzene"
1402,97-52-9,"2-Methoxy-4-nitroaniline"
1403,98-00-0,"Furfuryl alcohol"
1404,87-68-3,"Hexachloro-1,3-butadiene"
1405,26027-38-3,"Polyoxyethylene(10)nonylphenyl ether"
1406,14371-10-9,"(2E)-3-Phenylprop-2-enal"
1407,542-92-7,"1,3-Cyclopentadiene"
1408,756-79-6,"Dimethyl methylphosphonate"
1409,770-35-4,"1-Phenoxy-2-propanol"
1410,140-10-3,"E-Cinnamic acid"
1411,114-07-8,"Erythromycin"
1412,3844-45-9,"FD&C Blue No. 1"
1413,129-17-9,"Sulfan blue"
1414,103-41-3,"Benzyl cinnamate"
1415,451-40-1,"1,2-Diphenylethanone"
1416,58-85-5,"Biotin"
1417,29836-26-8,"Octyl beta-D-glucopyranoside"
1418,500-38-9,"Nordihydroguaiaretic acid"
1419,4422-95-1,"1,3,5-Benzenetricarbonyl trichloride"
1420,93-08-3,"2'-Acetonaphthone"
1421,3737-41-5,"3,3,4,4-Tetrachlorotetrahydrothiophene 1,1-dioxide"
1422,5137-55-3,"Methyltrioctylammonium chloride"
1423,112-03-8,"N,N,N-Trimethyloctadecan-1-aminium chloride"
1424,827-19-0,"Sodium 2,5-dimethylbenzenesulfonate"
1425,533-23-3,"2,4-D-ethyl ester"
1426,39300-45-3,"Dinocap"
1427,81405-85-8,"Imazamethabenz"
1428,25311-71-1,"Isofenphos"
1429,118-47-8,"Pyrazolone T"
1430,973-21-7,"Dinobuton"
1431,13301-61-6,"C.I. Disperse Orange 37"
1432,116-66-5,"1,1,3,3,5-Pentamethyl-4,6-dinitro-2,3-dihydro-1H-indene"
1433,102-96-5,"beta-Nitrostyrene"
1434,110-91-8,"Morpholine"
1435,602-01-7,"2,3-Dinitrotoluene"
1436,94-80-4,"2,4-D 1-butyl ester"
1437,1072-15-7,"Sulfuric acid, monononyl ester, sodium salt"
1438,70-30-4,"Hexachlorophene"
1439,25496-72-4,"Glyceryl monooleate"
1440,553-70-8,"Magnesium dibenzoate"
1441,6359-98-4,"C.I. Acid Yellow 17, disodium salt"
1442,5700-49-2,"1,2-Ethanediamine dihydriodide"
1443,28159-98-0,"Cybutryne"
1444,26644-46-2,"Triforine"
1445,1323-19-9,"Sodium triisopropyl naphthalene sulfonate"
1446,125116-23-6,"Metconazole"
1447,30399-84-9,"Isooctadecanoic acid"
1448,104-43-8,"4-Dodecylphenol"
1449,126-72-7,"Tris(2,3-dibromopropyl) phosphate"
1450,27193-86-8,"Dodecylphenol"
1451,2807-30-9,"2-Propoxyethanol"
1452,13826-35-2,"3-Phenoxybenzenemethanol"
1453,3268-49-3,"3-(Methylthio)propanal"
1454,94-46-2,"Isopentyl benzoate"
1455,98-06-6,"tert-Butylbenzene"
1456,110-27-0,"Isopropyl tetradecanoic acid"
1457,5333-42-6,"2-Octyl-1-dodecanol"
1458,1163-19-5,"Decabromodiphenyl oxide"
1459,616-45-5,"2-Pyrrolidinone"
1460,112-14-1,"Octyl acetate"
1461,3524-68-3,"Pentaerythritol triacrylate"
1462,3118-97-6,"C.I. Solvent Orange 7"
1463,13048-33-4,"1,6-Hexanediol diacrylate"
1464,8000-41-7,"Terpineol"
1465,2078-54-8,"Propofol"
1466,1067-53-4,"Tris(2-methoxyethoxy)vinylsilane"
1467,1760-24-3,"N-[3-(Trimethoxysilyl)propyl]ethane-1,2-diamine"
1468,612-83-9,"3,3'-Dichlorobenzidine dihydrochloride"
1469,78491-02-8,"Diazolidinyl urea"
1470,112-80-1,"Oleic acid"
1471,120-51-4,"Benzyl benzoate"
1472,2409-55-4,"2-tert-Butyl-4-methylphenol"
1473,583-78-8,"2,5-Dichlorophenol"
1474,556-52-5,"Glycidol"
1475,10016-20-3,"alpha-Cyclodextrin"
1476,860-22-0,"C.I. Acid Blue 74"
1477,18794-84-8,"trans-beta-Farnesene"
1478,112-07-2,"2-Butoxyethyl acetate"
1479,57-10-3,"Hexadecanoic acid"
1480,50-81-7,"L-Ascorbic acid"
1481,104-66-5,"1,2-Diphenoxyethane"
1482,7011-83-8,"Dihydrojasmone lactone"
1483,15214-89-8,"2-Acrylamido-2-methyl-1-propanesulfonic acid"
1484,3252-43-5,"Dibromoacetonitrile"
1485,1646-87-3,"Aldicarb sulfoxide"
1486,156-10-5,"4-Nitrosodiphenylamine"
1487,103-09-3,"2-Ethylhexyl acetate"
1488,142-16-5,"Bis(2-ethylhexyl) maleate"
1489,103-11-7,"2-Ethylhexyl acrylate"
1490,78-69-3,"3,7-Dimethyl-3-octanol"
1491,39236-46-9,"Imidazolidinyl urea"
1492,140-49-8,"4'-(Chloroacetyl)acetanilide"
1493,102-06-7,"1,3-Diphenylguanidine"
1494,94-18-8,"Benzylparaben"
1495,630-56-8,"Hydroxyprogesterone caproate"
1496,51580-86-0,"Sodium dichloro-s-triazinetrione dihydrate"
1497,480-40-0,"Chrysin"
1498,142-04-1,"Aniline hydrochloride"
1499,13292-46-1,"Rifampicin"
1500,20265-97-8,"4-Methoxyaniline hydrochloride"
1501,NOCAS_47218,"Sodium bisulfite, mixture of NaHSO3 and Na2S2O5"
1502,8018-01-7,"Mancozeb"
1503,76578-14-8,"Quizalofop-ethyl"
1504,836-30-6,"4-Nitro-N-phenylaniline"
1505,73-31-4,"Melatonin"
1506,7659-86-1,"2-Ethylhexyl sulfanylacetate"
1507,23386-52-9,"Dicyclohexyl sodium sulfosuccinate"
1508,1459-93-4,"Dimethyl isophthalate"
1509,111-20-6,"Decanedioic acid"
1510,271-89-6,"2,3-Benzofuran"
1511,550-44-7,"N-Methylphthalimide"
1512,919-30-2,"3-Aminopropyltriethoxysilane"
1513,960-71-4,"Triphenylborane"
1514,112-35-6,"2-[2-(2-Methoxyethoxy)ethoxy]ethanol"
1515,111-11-5,"Methyl octanoate"
1516,110-42-9,"Methyl decanoate"
1517,112-55-0,"1-Dodecanethiol"
1518,1212-29-9,"N,N'-Dicyclohexylthiourea"
1519,6789-88-4,"Hexyl benzoate"
1520,112-60-7,"Tetraethylene glycol"
1521,94-60-0,"Dimethyl hexahydroterephthalate"
1522,90823-38-4,"Denatonium saccharide"
1523,98319-26-7,"Finasteride"
1524,111-27-3,"1-Hexanol"
1525,108-39-4,"m-Cresol"
1526,112-18-5,"N,N-Dimethyldodecan-1-amine"
1527,16219-75-3,"5-Ethylidene-2-norbornene"
1528,298-07-7,"Bis(2-ethylhexyl) phosphate"
1529,90-72-2,"2,4,6-Tris(dimethylaminomethyl)phenol"
1530,96-18-4,"1,2,3-Trichloropropane"
1531,108-94-1,"Cyclohexanone"
1532,107-46-0,"Hexamethyldisiloxane"
1533,112-63-0,"Methyl linoleate"
1534,109-52-4,"Pentanoic acid"
1535,68515-48-0,"DINP branched"
1536,75-07-0,"Acetaldehyde"
1537,9016-87-9,"Polymethylene polyphenyl isocynate"
1538,868-85-9,"Dimethyl hydrogen phosphite"
1539,57-14-7,"1,1-Dimethylhydrazine"
1540,103-65-1,"Propylbenzene"
1541,1330-78-5,"Tricresyl phosphate"
1542,108-38-3,"1,3-Dimethylbenzene"
1543,644-97-3,"Phenyl phosphorus dichloride"
1544,1675-54-3,"Bisphenol A diglycidyl ether"
1545,50-14-6,"Ergocalciferol"
1546,56-95-1,"Chlorhexidine diacetate"
1547,553-26-4,"4,4'-Bipyridine"
1548,13463-41-7,"Zinc pyrithione"
1549,520-36-5,"Apigenin"
1550,67485-29-4,"Hydramethylnon"
1551,58-18-4,"17-Methyltestosterone"
1552,66357-35-5,"Ranitidine"
1553,9004-82-4,"Sodium lauryl polyoxyethylene ether sulfate"
1554,119-07-3,"Octyl decyl phthalate"
1555,16079-88-2,"Bromo-3-chloro-5,5-dimethylhydantoin"
1556,127-39-9,"Sodium 1,4-diisobutyl sulfosuccinate"
1557,68959-20-6,"Disiquonium chloride"
1558,79-57-2,"Oxytetracycline"
1559,105-53-3,"Diethyl propanedioate"
1560,1120-04-3,"Octadecyl sulfate sodium salt"
1561,3653-48-3,"MCPA-sodium"
1562,26447-10-9,"Ammonium xylene sulfonate"
1563,53219-21-9,"Dihydromyrcenol"
1564,2782-57-2,"Troclosene"
1565,115-95-7,"Linalyl acetate"
1566,474-86-2,"Equilin"
1567,2392-39-4,"Dexamethasone sodium phosphate"
1568,66575-29-9,"Forskolin"
1569,989-38-8,"Rhodamine 6G"
1570,1241-94-7,"2-Ethylhexyl diphenyl phosphate"
1571,118-56-9,"3,3,5-Trimethylcyclohexyl salicylate"
1572,25152-84-5,"(E,E)-2,4-Decadienal"
1573,6379-73-3,"Carvacryl methyl ether"
1574,2465-27-2,"Auramine hydrochloride"
1575,85507-79-5,"Phthalic acid, diundecyl ester, branched and linear"
1576,68515-75-3,"Hexanedioic acid, di-C7-9-branched and linear alkyl esters"
1577,98730-04-2,"Benoxacor"
1578,1638-22-8,"4-Butylphenol"
1579,13473-26-2,"D&C Red 27"
1580,13684-63-4,"Phenmedipham"
1581,64359-81-5,"4,5-Dichloro-2-octyl-3(2H)-isothiazolone"
1582,10081-67-1,"4-(2-Phenylpropan-2-yl)-N-[4-(2-phenylpropan-2-yl)phenyl]aniline"
1583,77-06-5,"Gibberellic acid"
1584,29122-68-7,"Atenolol"
1585,491-80-5,"Biochanin A"
1586,144-49-0,"Fluoroacetic acid"
1587,16356-11-9,"1,3,5-Undecatriene"
1588,103-69-5,"N-Ethylaniline"
1589,24851-98-7,"Methyl dihydrojasmonate"
1590,2043-57-4,"1H,1H,2H,2H-Perfluorooctyl iodide"
1591,77-90-7,"Acetyl tributyl citrate"
1592,126-00-1,"Diphenolic acid"
1593,94-47-3,"2-Phenylethyl benzoate"
1594,80-07-9,"4,4'-Dichlorodiphenyl sulfone"
1595,60-12-8,"2-Phenylethanol"
1596,111-62-6,"Ethyl oleate"
1597,123-96-6,"2-Octanol"
1598,54464-57-2,"1-(2,3,8,8-Tetramethyl-1,2,3,4,5,6,7,8-octahydronaphthalen-2-yl)ethanone"
1599,645-56-7,"4-Propylphenol"
1600,58-56-0,"Pyridoxine hydrochloride"
1601,124-19-6,"Nonanal"
1602,123-05-7,"2-Ethylhexanal"
1603,118-82-1,"4,4'-Methylenebis(2,6-di-t-butylphenol)"
1604,124-03-8,"Ethylhexadecyldimethylammonium bromide"
1605,111-70-6,"1-Heptanol"
1606,121-39-1,"Ethyl 3-phenylglycidate"
1607,111-55-7,"1,2-Ethanediol diacetate"
1608,134-31-6,"8-Hydroxyquinoline sulfate"
1609,37764-25-3,"Dichlormid"
1610,105-21-5,"1,4-Heptanolide"
1611,112-31-2,"Decanal"
1612,85532-75-8,"PK 11195"
1613,117428-22-5,"Picoxystrobin"
1614,54-62-6,"4-Aminofolic acid"
1615,41481-66-7,"4,4'-Sulfonylbis[2-(prop-2-en-1-yl)phenol]"
1616,NOCAS_47394,"Grinstad Soft-N-Safe"
1617,4449-51-8,"Cyclopamine"
1618,NOCAS_48176,"YM218"
1619,151506-44-4,"FR140423"
1620,1095-90-5,"Methadone hydrochloride"
1621,3173-72-6,"1,5-Naphthalene diisocyanate"
1622,98105-99-8,"Sarafloxacin"
1623,509-34-2,"C.I. Solvent Red 49"
1624,101-67-7,"4,4'-Dioctyldiphenylamine"
1625,78-98-8,"Methyl glyoxal"
1626,123-02-4,"1-Phenyltridecane"
1627,41484-35-9,"Thioethylene glycol bis(3,5-di-tert-butyl-4-hydroxyhydrocinnamate)"
1628,94-86-0,"2-Ethoxy-5-(1-propenyl)phenol"
1629,596-03-2,"4',5'-Dibromofluorescein"
1630,66-81-9,"Cycloheximide"
1631,521-18-6,"5alpha-Dihydrotestosterone"
1632,NOCAS_48514,"PharmaGSID_48514"
1633,NOCAS_48518,"PharmaGSID_48518"
1634,825643-57-0,"PharmaGSID_48513"
1635,107071-66-9,"Ro 23-7637"
1636,625114-41-2,"Piragliatin"
1637,NOCAS_48516,"PharmaGSID_48516"
1638,686756-87-6,"PharmaGSID_48519"
1639,1191914-21-2,"PharmaGSID_48521"
1640,NOCAS_48509,"PharmaGSID_48509"
1641,NOCAS_48505,"PharmaGSID_48505"
1642,588941-45-1,"PharmaGSID_48506"
1643,460081-99-6,"PharmaGSID_48510"
1644,NOCAS_48507,"PharmaGSID_48507"
1645,1062243-51-9,"PharmaGSID_48511"
1646,2481-94-9,"C.I. Solvent Yellow 56"
1647,29548-30-9,"Farnesyl acetate"
1648,4221-68-5,"1,1-Bis(3-cyclohexyl-4-hydroxyphenyl)cyclohexane"
1649,90982-32-4,"Chlorimuron-ethyl"
1650,70630-17-0,"Metalaxyl-M"
1651,563-04-2,"Tri-m-tolyl phosphate"
1652,135590-91-9,"Mefenpyr-diethyl"
1653,930-55-2,"N-Nitrosopyrrolidine"
1654,26896-20-8,"Neodecanoic acid"
1655,108419-33-6,"Acetic acid, C8-10-branched alkyl esters, C9-rich"
1656,4553-62-2,"2-Methylpentanedinitrile"
1657,111-40-0,"Diethylenetriamine"
1658,1333-39-7,"Phenolsulfonic acid"
1659,10042-59-8,"2-Propyl-1-heptanol"
1660,108-32-7,"Propylene carbonate"
1661,9016-00-6,"Polydimethylsiloxane"
1662,116-02-9,"3,3,5-Trimethylcyclohexanol"
1663,13254-34-7,"2,6-Dimethyl-2-heptanol"
1664,104-45-0,"4-Propylanisole"
1665,94-96-2,"2-Ethyl-1,3-hexanediol"
1666,127-19-5,"N,N-Dimethylacetamide"
1667,75-50-3,"Trimethylamine"
1668,68-11-1,"Thioglycolic acid"
1669,89-87-2,"1,3-Dimethyl-4-nitrobenzene"
1670,7773-06-0,"Ammonium sulfamate"
1671,79-97-0,"3,3'-Dimethylbisphenol A"
1672,50-65-7,"Niclosamide"
1673,712-50-5,"Cyclohexylphenylketone"
1674,67-30-1,"Tetrac"
1675,NOCAS_48522,"HMR1171 trifluoroacetate (1:1)"
1676,129298-91-5,"TNP-470"
1677,2971-36-0,"2,2-Bis(4-hydroxyphenyl)-1,1,1-trichloroethane"
1678,52806-53-8,"Hydroxyflutamide"
1679,639-58-7,"Triphenyltin chloride"
1680,121-54-0,"Benzethonium chloride"
1681,1939-36-2,"Trimethylenediaminetetraacetic acid"
1682,17354-14-2,"1,4-Bis(butylamino)anthracene-9,10-dione"
1683,10022-28-3,"1,1-Dimethoxyoctane"
1684,239110-15-7,"Fluopicolide"
1685,163515-14-8,"Dimethenamid-P"
1686,1885-29-6,"2-Aminobenzonitrile"
1687,2114-11-6,"Allyl carbamate"
1688,5405-41-4,"Ethyl 3-hydroxybutyrate"
1689,105-90-8,"Geranyl propionate"
1690,1879-09-0,"6-tert-Butyl-2,4-dimethylphenol"
1691,3648-21-3,"Diheptyl phthalate"
1692,106-32-1,"Ethyl octanoate"
1693,135-02-4,"2-Methoxybenzaldehyde"
1694,452-58-4,"2,3-Diaminopyridine"
1695,4856-95-5,"Borane - morpholine complex"
1696,1609-47-8,"Diethyl dicarbonate"
1697,108-74-7,"Hexahydro-1,3,5-trimethyl-1,3,5-triazine"
1698,109-08-0,"2-Methylpyrazine"
1699,150-19-6,"3-Methoxyphenol"
1700,140-53-4,"4-Chlorophenylacetonitrile"
1701,78-30-8,"Tri-o-cresyl phosphate"
1702,54686-97-4,"Bis(p-methylbenzylidene)sorbitol"
1703,92-44-4,"2,3-Dihydroxynaphthalene"
1704,85-22-3,"2,3,4,5,6-Pentabromoethylbenzene"
1705,122931-48-0,"Rimsulfuron"
1706,110553-27-0,"2-Methyl-4,6-bis[(octylthio)methyl]phenol"
1707,927-62-8,"1-Butanamine, N,N-dimethyl-"
1708,763-32-6,"3-Methylbut-3-en-1-ol"
1709,700-13-0,"2,3,5-Trimethylhydroquinone"
1710,78-97-7,"Lactonitrile"
1711,81-30-1,"Naphthalene-1,8:4,5-tetracarboxylic dianhydride"
1712,719-59-5,"2-Amino-5-chlorobenzophenone"
1713,693-54-9,"2-Decanone"
1714,626-60-8,"3-Chloropyridine"
1715,6117-91-5,"But-2-en-1-ol"
1716,93-53-8,"Hydratropaldehyde"
1717,87-91-2,"Diethyl L-tartrate"
1718,5888-33-5,"Isobornyl acrylate"
1719,7005-72-3,"1-Chloro-4-phenoxybenzene"
1720,75980-60-8,"Diphenyl(2,4,6-trimethylbenzoyl)phosphine oxide"
1721,626-39-1,"1,3,5-Tribromobenzene"
1722,56-37-1,"Benzyltriethylammonium chloride"
1723,95-56-7,"2-Bromophenol"
1724,98-02-2,"2-Furylmethanethiol"
1725,65-71-4,"Thymine"
1726,86-98-6,"4,7-Dichloroquinoline"
1727,92-91-1,"4'-Acetylbiphenyl"
1728,86-28-2,"9-Ethylcarbazole"
1729,603-36-1,"Triphenylstibine"
1730,20662-14-0,"Scandium chloride hexahydrate"
1731,821-48-7,"Bis(2-chloroethyl)amine hydrochloride"
1732,6283-25-6,"2-Chloro-5-nitroaniline"
1733,79-07-2,"Acetamide, 2-chloro-"
1734,827-94-1,"2,6-Dibromo-4-nitroaniline"
1735,716-79-0,"2-Phenylbenzimidazole"
1736,5977-14-0,"3-Oxobutanamide"
1737,120983-64-4,"Pyrasulfotole metabolite (SXX 0665)"
1738,569-64-2,"Malachite green"
1739,81-61-8,"Quinalizarin"
1740,67-71-0,"Dimethyl sulfone"
1741,687-47-8,"(L)-(-)-Ethyl lactate"
1742,615-20-3,"2-Chlorobenzothiazole"
1743,60-01-5,"Glycerol tributyrate"
1744,619-73-8,"4-Nitrobenzyl alcohol"
1745,626-64-2,"4-Pyridinol"
1746,5655-61-8,"(-)Bronyl acetate"
1747,31482-56-1,"C.I. Disperse Orange 25"
1748,707-61-9,"2,3-Dihydro-4-methyl-1-phenyl-1H-phosphole 1-oxide"
1749,611-59-6,"1,7-Dimethylxanthine"
1750,1207-12-1,"4,6-Dimethyldibenzothiophene"
1751,6358-53-8,"C.I. Solvent Red 80"
1752,5949-05-3,"(S)-(-)-Citronellal"
1753,6174-86-3,"3-Chloro-7-hydroxy-4-methyl-2-benzopyrone"
1754,21679-31-2,"Chromium(III) acetylacetonate"
1755,623-33-6,"Ethyl glycinate hydrochloride"
1756,93-52-7,"1,2-dibromo(phenyl)ethane"
1757,6175-45-7,"2,2-Diethoxyacetophenone"
1758,35958-30-6,"Phenol, 2,2'-ethylidenebis[4,6-bis(1,1-dimethylethyl)-"
1759,87-13-8,"Diethyl ethoxymethylenemalonate"
1760,873-32-5,"2-Chlorobenzonitrile"
1761,82-44-0,"1-Chloroanthraquinone"
1762,1672-46-4,"Digoxigenin"
1763,99129-21-2,"Clethodim"
1764,76-83-5,"Trityl chloride"
1765,89-75-8,"2,4-Dichlorobenzoyl chloride"
1766,10061-01-5,"(Z)-Dichloropropene"
1767,68844-77-9,"Astemizole"
1768,147526-32-7,"Pitavastatin calcium"
1769,143201-11-0,"Cerivastatin sodium"
1770,142-29-0,"Cyclopentene"
1771,111-34-2,"Butyl vinyl ether"
1772,100-43-6,"4-Vinylpyridine"
1773,142-19-8,"Prop-2-en-1-yl heptanoate"
1774,76703-62-3,"gamma-Cyhalothrin"
1775,243973-20-8,"Pinoxaden"
1776,97-89-2,"Citronellyl isobutyrate"
1777,108-31-6,"2,5-Furandione"
1778,4719-04-4,"1,3,5-Triazine-1,3,5(2H,4H,6H)-triethanol"
1779,64091-91-4,"4-(N-Methyl-N-nitrosamino)-1-(3-pyridyl)-1-butanone"
1780,584-03-2,"1,2-Butanediol"
1781,55179-31-2,"Bitertanol"
1782,171118-09-5,"Metolachlor ESA"
1783,18015-76-4,"C.I. Basic Green 4 oxalate (1:x)"
1784,1319-77-3,"Cresol"
1785,7492-66-2,"Citral diethyl acetal"
1786,51384-51-1,"Metoprolol"
1787,20120-33-6,"Phosphonic acid, (3-((hydroxymethyl)amino)-3-oxopropyl)-, dimethyl ester"
1788,76014-81-8,"4-(Methylnitrosamino)-1-(3-pyridyl)-1-butanol"
1789,832-69-9,"1-Methyl phenanthrene"
1790,147150-35-4,"Cloransulam-methyl"
1791,5742-17-6,"2,4-D, isopropylamine salt"
1792,3697-42-5,"Chlorhexidine dihydrochloride"
1793,54-31-9,"Furosemide"
1794,67762-27-0,"Alcohols, C16-18"
1795,187022-11-3,"Acetochlor ESA"
1796,142-92-7,"Hexyl acetate"
1797,108-89-4,"4-Methylpyridine"
1798,2499-95-8,"Hexyl acrylate"
1799,503-74-2,"Isovaleric acid"
1800,2835-39-4,"Allyl isovalerate"
1801,106-36-5,"Propyl propionate"
1802,108-03-2,"1-Nitropropane"
1803,110-93-0,"6-Methyl-5-hepten-2-one"
1804,111-85-3,"1-Chlorooctane"
1805,56-75-7,"Chloramphenicol"
1806,97-86-9,"Isobutyl methacrylate"
1807,1135-66-6,"(-)-Isolongifolene"
1808,52663-68-0,"2,2',3,4',5,5',6-Heptachloro-1,1'-biphenyl"
1809,473-55-2,"Pinane"
1810,6842-15-5,"1-Propene, tetramer"
1811,462-95-3,"Diethoxymethane"
1812,544-01-4,"Isoamyl ether"
1813,3388-04-3,"beta-(3,4-Epoxycyclohexyl)ethyltrimethoxysilane"
1814,23726-91-2,"(E)-beta-Damascone"
1815,121-72-2,"N,N,3-Trimethylaniline"
1816,108-48-5,"2,6-Dimethylpyridine"
1817,2680-03-7,"N,N-Dimethylacrylamide"
1818,10416-59-8,"N,O-bis(Trimethylsilyl)acetamide"
1819,107-70-0,"4-Methoxy-4-methyl-2-pentanone"
1820,526-73-8,"1,2,3-Trimethylbenzene"
1821,115-18-4,"2-Methyl-3-buten-2-ol"
1822,17557-23-2,"Neopentyl glycol diglycidyl ether"
1823,109-97-7,"Pyrrole"
1824,108-87-2,"Methylcyclohexane"
1825,104-90-5,"5-Ethyl-2-methylpyridine"
1826,123-15-9,"2-Methylpentanal"
1827,110-01-0,"Tetrahydrothiophene"
1828,16529-56-9,"2-Methyl-3-butenenitrile"
1829,135-98-8,"sec-Butylbenzene"
1830,498-81-7,"Dihydro-alpha-terpineol"
1831,103-28-6,"Benzyl 2-methylpropanoate"
1832,141-93-5,"1,3-Diethylbenzene"
1833,122-73-6,"Benzyl 3-methylbutyl ether"
1834,150-46-9,"Boric acid, triethyl ester"
1835,102-85-2,"Tributyl phosphite"
1836,3852-09-3,"Methyl 3-methoxypropionate"
1837,16409-43-1,"4-Methyl-2-(2-methylprop-1-en-1-yl)tetrahydro-2H-pyran"
1838,175178-82-2,"Tyrphostin"
1839,5131-66-8,"1-Butoxy-2-propanol"
1840,98-29-3,"4-tert-Butylcatechol"
1841,126-75-0,"Demeton-S"
1842,212141-51-0,"Vatalanib dihydrochloride"
1843,826-36-8,"2,2,6,6-Tetramethyl-4-piperidone"
1844,646-06-0,"1,3-Dioxolane"
1845,50-33-9,"Phenylbutazone"
1846,504-63-2,"1,3-Propanediol"
1847,1747-60-0,"2-Amino-6-methoxybenzothiazole"
1848,487-68-3,"2,4,6-Trimethylbenzaldehyde"
1849,3120-74-9,"3-Methyl-4-(methylthio)phenol"
1850,17420-30-3,"Benzonitrile, 2-amino-5-nitro-"
1851,2497-06-5,"Disulfoton sulfone"
1852,464-48-2,"(1S)-(-)-Camphor"
1853,23128-74-7,"Antioxidant 1098"
1854,23696-85-7,"Damascenone"
1855,33693-04-8,"Terbumeton"
1856,2859-67-8,"3-(3-Pyridyl)-1-propanol"
1857,2032-65-7,"Methiocarb"
1858,139968-49-3,"Metaflumizone"
1859,1656-48-0,"3,3'-Oxydipropionitrile"
1860,540-38-5,"4-Iodophenol"
1861,NOCAS_57890,"Anti-OP-18/Stathmin antibody produced in rabbit"
1862,56070-16-7,"Terbufos sulfone"
1863,1139-30-6,"(-)Carophyllene oxide"
1864,551-93-9,"2'-Aminoacetophenone"
1865,2588-04-7,"Phorate sulfone"
1866,144-74-1,"Sulfathiazole sodium"
1867,103-26-4,"Methyl cinnamate"
1868,122-01-0,"4-Chlorobenzoyl chloride"
1869,1885-14-9,"Phenyl carbonochloridate"
1870,123-56-8,"Succinimide"
1871,120-21-8,"4-(Diethylamino)benzaldehyde"
1872,4584-49-0,"2-Chloropropyldimethylamine hydrochloride"
1873,2479-46-1,"1,3-Bis(4-aminophenoxy)benzene"
1874,14024-18-1,"Iron(III) acetylacetonate"
1875,110-75-8,"2-Chloroethyl vinyl ether"
1876,105-31-7,"Hex-1-yn-3-ol"
1877,496-11-7,"Indan"
1878,2426-54-2,"2-(Diethylamino)ethyl acrylate"
1879,1752-30-3,"Acetone thiosemicarbazide"
1880,141-91-3,"2,6-Dimethyl morpholine"
1881,116-17-6,"Tripropan-2-yl phosphite"
1882,103-56-0,"3-Phenylprop-2-en-1-yl propanoate"
1883,14938-35-3,"4-Pentylphenol"
1884,17321-47-0,"O,O-Dimethyl phosphoramidothioate"
1885,136-85-6,"5-Methyl-1H-benzotriazole"
1886,111-31-9,"1-Hexanethiol"
1887,3068-00-6,"1,2,4-Butanetriol"
1888,130-15-4,"1,4-Naphthoquinone"
1889,1489-69-6,"Cyclopropanecarboxaldehyde"
1890,319-86-8,"delta-Hexachlorocyclohexane"
1891,213464-77-8,"Orthosulfamuron"
1892,53-41-8,"Androsterone"
1893,1678-91-7,"Ethylcyclohexane"
1894,1885-38-7,"(2E)-3-Phenylprop-2-enenitrile"
1895,3277-26-7,"1,1,3,3-Tetramethyldisiloxane"
1896,121-87-9,"2-Chloro-4-nitroaniline"
1897,2402-78-0,"2,6-Dichloropyridine"
1898,134-85-0,"4-Chlorobenzophenone"
1899,2648-61-5,"2,2-Dichloro-1-phenylethanone"
1900,140939-17-9,"Alachlor sec-oxanilic acid sodium salt"
1901,35045-02-4,"Metribuzin-DA"
1902,152019-73-3,"Metolachlor OA"
1903,56507-37-0,"Diketometribuzin"
1904,506-68-3,"Cyanogen bromide"
1905,301-00-8,"Methyl linolenate"
1906,19721-22-3,"3-Mercapto-1-propanol"
1907,50-69-1,"D-Ribose"
1908,13963-57-0,"Aluminum trisacetoacetate"
1909,100-25-4,"1,4-Dinitrobenzene"
1910,1470-94-6,"Indan-5-ol"
1911,17754-90-4,"4-(Diethylamino)salicylaldehyde"
1912,13183-79-4,"1-N-Methyl-5-thiotetrazole"
1913,15059-52-6,"Dysprosium(III) chloride hexahydrate"
1914,10482-56-1,"(L)-alpha-Terpineol"
1915,109-04-6,"2-Bromopyridine"
1916,1100-88-5,"Benzyltriphenylphosphonium chloride"
1917,2832-40-8,"C.I. Disperse Yellow 3"
1918,364-76-1,"4-Fluoro-3-nitroaniline"
1919,4584-46-7,"(2-Chloroethyl)dimethylamine hydrochloride"
1920,1121-78-4,"6-Methyl-3-hydroxypyridine"
1921,13759-92-7,"Europium(III) chloride hexahydrate"
1922,16867-04-2,"3-Hydroxy-2-pyridone"
1923,131-52-2,"Sodium pentachlorophenate"
1924,13080-86-9,"4,4'-(Isopropylidenebis(4,1-phenyleneoxy))dianiline"
1925,142-08-5,"2-Pyridone"
1926,112-29-8,"1-Bromodecane"
1927,104-82-5,"4-Methylbenzyl chloride"
1928,90325-47-6,"1,2,3-Hexanetriol"
1929,24683-00-9,"2-Isobutyl-3-methoxypyrazine"
1930,124-05-0,"1,2-Bis((chlorocarbonyl)oxy)ethane"
1931,106-58-1,"1,4-Dimethylpiperazine"
1932,109-78-4,"3-Hydroxypropanenitrile"
1933,104-72-3,"Decylbenzene"
1934,100-80-1,"3-Methylstyrene"
1935,1569-60-4,"6-Methylhept-5-en-2-ol"
1936,111-43-3,"Propyl ether"
1937,95-69-2,"4-Chloro-2-methylaniline"
1938,495-18-1,"N-Hydroxybenzamide"
1939,700-06-1,"Indole-3-carbinol"
1940,134-32-7,"1-Naphthylamine"
1941,1469-48-3,"cis-1,2,3,6-Tetrahydrophthalimide"
1942,57018-04-9,"Tolclofos-methyl"
1943,89415-87-2,"1,3-Dichloro-5-ethyl-5-methylhydantoin"
1944,3064-70-8,"Bis(trichloromethyl)sulfone"
1945,193-39-5,"Indeno(1,2,3-cd)pyrene"
1946,61949-77-7,"trans-Permethrin"
1947,110-52-1,"1,4-Dibromobutane"
1948,115-84-4,"2-Butyl-2-ethyl-1,3-propanediol"
1949,513-86-0,"Acetoin"
1950,19660-16-3,"2,3-Dibromopropyl acrylate"
1951,611-14-3,"1-Ethyl-2-methylbenzene"
1952,3006-93-7,"N,N'-1,3-Phenylenedimaleimide"
1953,16484-77-8,"Mecoprop-P"
1954,5103-71-9,"cis-Chlordane"
1955,61949-76-6,"1RS cis-Permethrin"
1956,3424-82-6,"o,p'-DDE"
1957,91-67-8,"N,N-Diethyl-m-toluidine"
1958,5103-74-2,"gamma-Chlordane"
1959,140939-15-7,"Alachlor ESA, sodium salt"
1960,85721-33-1,"Ciprofloxacin"
1961,78-62-6,"Diethoxy(dimethyl)silane"
1962,78-77-3,"1-Bromo-2-methylpropane"
1963,80-48-8,"Methyl toluene-4-sulphonate"
1964,83-56-7,"1,5-Dihydroxynaphthalene"
1965,874-90-8,"4-Anisonitrile"
1966,88-10-8,"Diethylcarbamoyl chloride"
1967,89-61-2,"1,4-Dichloro-2-nitrobenzene"
1968,91-10-1,"2,6-Dimethoxyphenol"
1969,58654-67-4,"2-Octanone, 5-methyl-"
1970,589-66-2,"2-Methylpropyl but-2-enoate"
1971,591-12-8,"alpha-Angelica lactone"
1972,609-23-4,"2,4,6-Triiodophenol"
1973,619-50-1,"Methyl p-nitrobenzoate"
1974,6358-09-4,"2-Amino-6-chloro-4-nitrophenol"
1975,6440-58-0,"1,3-Dimethylol-5,5-dimethylhydantoin"
1976,84-58-2,"2,3-Dichloro-5,6-dicyano-p-benzoquinone"
1977,79-30-1,"2-Methylpropanoyl chloride"
1978,868-57-5,"Methyl 2-methylbutyrate"
1979,93-16-3,"4-Prop-1-enylveratrole"
1980,5694-00-8,"Glycidamide"
1981,96-54-8,"1-Methylpyrrole"
1982,627-30-5,"3-Chloro-1-propanol"
1983,616-47-7,"1-Methylimidazole"
1984,617-89-0,"Furfurylamine"
1985,622-45-7,"Cyclohexyl acetate"
1986,609-66-5,"2-Chlorobenzamide"
1987,763-29-1,"2-Methylpent-1-ene"
1988,767-00-0,"4-Hydroxybenzonitrile"
1989,7786-61-0,"2-Methoxy-4-vinylphenol"
1990,78-46-6,"Dibutyl butylphosphonate"
1991,643-28-7,"2-Isopropylaniline"
1992,591-22-0,"3,5-Dimethylpyridine"
1993,635-22-3,"4-Chloro-3-nitroaniline"
1994,64436-13-1,"Arsenobetaine"
1995,6843-66-9,"Dimethoxy(diphenyl)silane"
1996,122454-29-9,"Tralopyril"
1997,580-51-8,"3-Phenylphenol"
1998,75389-89-8,"Diethylmethylbenzenediamine"
1999,87-41-2,"Phthalide"
2000,79-09-4,"Propionic acid"
2001,628-81-9,"1-Ethoxybutane"
2002,109293-97-2,"Diflufenzopyr"
2003,20018-09-1,"Diiodomethyl 4-methylphenyl sulfone"
2004,2051-62-9,"4-Chlorobiphenyl"
2005,874-60-2,"p-Toluoyl chloride"
2006,565-80-0,"2,4-Dimethylpentan-3-one"
2007,1942-71-8,"2-(4-tert-Butylphenoxy)cyclohexan-1-ol"
2008,612-12-4,"1,2-Bis(chloromethyl)benzene"
2009,615-13-4,"1,3-Dihydro-2H-inden-2-one"
2010,626-48-2,"6-Methyluracil"
2011,3634-83-1,"1,3-Bis(isocyanatomethyl)benzene"
