"spid","casn","chnm"
"01140000A","26172-55-4","5-Chloro-2-methyl-3(2H)-isothiazolone"
"01140002A","109-43-3","Dibutyl decanedioate"
"01140004A","486-56-6","Cotinine"
"01140006A","2058-94-8","Perfluoroundecanoic acid"
"01140008A","732-11-6","Phosmet"
"01140010A","89-83-8","Thymol"
"01140012A","101-02-0","Triphenyl phosphite"
"01140014A","106-22-9","Citronellol"
"01140016A","36653-82-4","1-Hexadecanol"
"01140018A","79-39-0","Methacrylamide"
"01140020A","77-93-0","Triethyl citrate"
"01140022A","120-80-9","Catechol"
"01140024A","298-02-2","Phorate"
"01140026A","53-86-1","Indomethacin"
"01140028A","15307-79-6","Diclofenac sodium"
"01140030A","2550-40-5","Dicyclohexyl disulfide"
"01140032A","510-15-6","Chlorobenzilate"
"01140034A","2385-85-5","Mirex"
"01140036A","5915-41-3","Terbuthylazine"
"01140038A","6422-86-2","Bis(2-ethylhexyl) terephthalate"
"01140040A","27323-41-7","Dodecylbenzene sulfonate triethanolamine(1:1)"
"01140042A","3825-26-1","PFOA, ammonium salt"
"01140044A","24602-86-6","Tridemorph"
"01140046A","58-08-2","Caffeine"
"01140048A","65-85-0","Benzoic acid"
"01140050A","91-20-3","Naphthalene"
"01140052A","57-55-6","1,2-Propylene glycol"
"01140054A","84-66-2","Diethyl phthalate"
"01140056A","99-08-1","3-Nitrotoluene"
"01140058A","101-54-2","N-Phenyl-1,4-benzenediamine"
"01140060A","99-76-3","Methylparaben"
"01140062A","7632-00-0","Sodium nitrite"
"01140064A","120-71-8","2-Methoxy-5-methylaniline"
"01140066A","95-87-4","2,5-Dimethylphenol"
"01140068A","120-12-7","Anthracene"
"01140070A","111-69-3","Hexanedinitrile"
"01140072A","91-53-2","Ethoxyquin"
"01140074A","94-26-8","Butylparaben"
"01140076A","88-18-6","2-tert-Butylphenol"
"01140078A","132-64-9","Dibenzofuran"
"01140080A","83-32-9","Acenaphthene"
"01140082A","123-31-9","Hydroquinone"
"01140084A","106-46-7","1,4-Dichlorobenzene"
"01140086A","91-64-5","Coumarin"
"01140088A","87-62-7","2,6-Dimethylaniline"
"01140090A","96-48-0","4-Butyrolactone"
"01140092A","100-00-5","1-Chloro-4-nitrobenzene"
"01140094A","106-44-5","p-Cresol"
"01140096A","110-44-1","Sorbic acid"
"01140098A","51-28-5","2,4-Dinitrophenol"
"01140100A","98-01-1","Furfural"
"01140102A","375-85-9","Perfluoroheptanoic acid"
"01140104A","75-12-7","Formamide"
"01140106A","142-62-1","Hexanoic acid"
"01140108A","111-14-8","Heptanoic acid"
"01140110A","88-06-2","2,4,6-Trichlorophenol"
"01140112A","64-67-5","Diethyl sulfate"
"01140114A","643-79-8","1,2-Benzenedicarboxaldehyde"
"01140116A","118-52-5","1,3-Dichloro-5,5-dimethylhydantoin"
"01140118A","57-13-6","Urea"
"01140120A","95-95-4","2,4,5-Trichlorophenol"
"01140122A","78-59-1","Isophorone"
"01140124A","122-62-3","Bis(2-ethylhexyl) decanedioate"
"01140126A","120-47-8","Ethylparaben"
"01140128A","112-05-0","Nonanoic acid"
"01140130A","124-07-2","Octanoic acid"
"01140132A","105-67-9","2,4-Dimethylphenol"
"01140134A","58-55-9","Theophylline"
"01140136A","120-83-2","2,4-Dichlorophenol"
"01140138A","91-59-8","2-Naphthylamine"
"01140140A","123-42-2","Diacetone alcohol"
"01140142A","92-87-5","Benzidine"
"01140144A","100-51-6","Benzyl alcohol"
"01140146A","532-27-4","2-Chloroacetophenone"
"01140148A","99-99-0","4-Nitrotoluene"
"01140150A","119-90-4","3,3'-Dimethoxybenzidine"
"01140152A","83-41-0","1,2-Dimethyl-3-nitrobenzene"
"01140154A","101-55-3","p-Bromodiphenyl ether"
"01140156A","124-04-9","Hexanedioic acid"
"01140158A","98-95-3","Nitrobenzene"
"01140160A","115-77-5","Pentaerythritol"
"01140162A","134-03-2","Sodium L-ascorbate"
"01140164A","842-07-9","C.I. Solvent Yellow 14"
"01140166A","599-79-1","Sulfasalazine"
"01140168A","77-71-4","5,5-Dimethylhydantoin"
"01140170A","50-41-9","Clomiphene citrate (1:1)"
"01140172A","75-99-0","Dalapon"
"01140174A","111-42-2","Diethanolamine"
"01140176A","599-64-4","4-Cumylphenol"
"01140178A","131-55-5","2,2',4,4'-Tetrahydroxybenzophenone"
"01140180A","2943-75-1","Triethoxyoctylsilane"
"01140182A","123-25-1","Diethyl butanedioate"
"01140184A","7747-35-5","5-Ethyl-1-aza-3,7-dioxabicyclo[3.3.0]octane"
"01140186A","2243-62-1","1,5-Naphthalenediamine"
"01140188A","117-84-0","Dioctyl phthalate"
"01140190A","95-65-8","3,4-Dimethylphenol"
"01140192A","89-72-5","2-(Butan-2-yl)phenol"
"01140194A","3739-38-6","3-Phenoxybenzoic acid"
"01140196A","33703-08-1","Hexanedioic acid, diisononyl ester"
"01140198A","1843-05-6","Octabenzone"
"01140200A","60-56-0","Methimazole"
"01140202A","838-88-0","4,4'-Methylenebis(2-methylaniline)"
"01140204A","51-30-9","Isoproterenol hydrochloride"
"01140206A","528-29-0","1,2-Dinitrobenzene"
"01140208A","49562-28-9","Fenofibrate"
"01140210A","119-36-8","Methyl salicylate"
"01140212A","112-25-4","2-(Hexyloxy)ethanol"
"01140214A","128-04-1","Sodium dimethyldithiocarbamate"
"01140216A","2795-39-3","PFOS-K"
"01140218A","96-70-8","2-tert-Butyl-4-ethylphenol"
"01140220A","95-54-5","1,2-Phenylenediamine"
"01140222A","108-59-8","Dimethyl malonate"
"01140224A","99-66-1","Valproic acid"
"01140226A","375-95-1","PFNA"
"01140228A","105-60-2","Caprolactam"
"01140230A","576-26-1","2,6-Dimethylphenol"
"01140232A","3855-32-1","2,6,10-Trimethyl-2,6,10-triazaundecane"
"01140234A","102-71-6","Triethanolamine"
"01140236A","1303-11-3","Indium arsenide"
"01140238A","6381-77-7","Sodium erythorbate (1:1)"
"01140240A","621-64-7","N-Nitrosodipropylamine"
"01140242A","96-29-7","2-Butanone oxime"
"01140244A","55-98-1","Busulfan"
"01140246A","99-51-4","1,2-Dimethyl-4-nitrobenzene"
"01140248A","584-84-9","Toluene-2,4-diisocyanate"
"01140250A","77-48-5","1,3-Dibromo-5,5-dimethylhydantoin"
"01140252A","3871-99-6","PFHS-K"
"01140254A","3033-77-0","N,N,N-Trimethyl(oxiran-2-yl)methanaminium chloride"
"01140256A","924-16-3","N-Nitrosodibutylamine"
"01140258A","55285-14-8","Carbosulfan"
"01140260A","1445-75-6","Diisopropyl methylphosphonate"
"01140262A","72-55-9","p,p'-DDE"
"01140264A","51-21-8","5-Fluorouracil"
"01140266A","121-91-5","1,3-Benzenedicarboxylic acid"
"01140268A","126-73-8","Tributyl phosphate"
"01140270A","94-13-3","Propylparaben"
"01140272A","65-23-6","Pyridoxine"
"01140274A","627-93-0","Dimethyl adipate"
"01140276A","149-57-5","2-Ethylhexanoic acid"
"01140278A","102-76-1","Triacetin"
"01140280A","288-88-0","1H-1,2,4-Triazole"
"01140282A","120-61-6","Dimethyl terephthalate"
"01140284A","108-46-3","Resorcinol"
"01140286A","112-70-9","1-Tridecanol"
"01140288A","151-21-3","Sodium dodecyl sulfate"
"01140290A","101-86-0","2-Benzylideneoctanal"
"01140292A","101-77-9","4,4'-Methylenedianiline"
"01140294A","60-54-8","Tetracycline"
"01140296A","99-59-2","2-Methoxy-5-nitroaniline"
"01140298A","606-20-2","2,6-Dinitrotoluene"
"01140300A","2104-64-5","EPN"
"01140302A","55290-64-7","Dimethipin"
"01140304A","33820-53-0","Isopropalin"
"01140306A","112-30-1","1-Decanol"
"01140308A","136-77-6","4-Hexylresorcinol"
"01140310A","57-83-0","Progesterone"
"01140312A","4418-26-2","Sodium dehydroacetate"
"01140314A","112-00-5","Dodecyltrimethylammonium chloride"
"01140316A","309-00-2","Aldrin"
"01140318A","1156-19-0","Tolazamide"
"01140320A","77-40-7","Bisphenol B"
"01140322A","5392-40-5","3,7-Dimethyl-2,6-octadienal"
"01140324A","77-92-9","Citric acid"
"01140326A","143-50-0","Kepone"
"01140328A","872-50-4","N-Methyl-2-pyrrolidone"
"01140330A","73-22-3","l-Tryptophan"
"01140332A","111-87-5","1-Octanol"
"01140334A","145-73-3","Endothal"
"01140336A","104-67-6","5-Heptyldihydro-2(3H)-furanone"
"01140338A","141-43-5","Ethanolamine"
"01140340A","53-03-2","Prednisone"
"01140342A","57-63-6","17alpha-Ethinylestradiol"
"01140344A","828-00-2","Dimethoxane"
"01140346A","116-25-6","1-(Hydroxymethyl)-5,5-dimethylhydantoin"
"01140348A","110-85-0","Piperazine"
"01140350A","97-53-0","Eugenol"
"01140352A","98-54-4","4-tert-Butylphenol"
"01140354A","117-79-3","2-Aminoanthraquinone"
"01140356A","103-90-2","Acetaminophen"
"01140358A","7378-99-6","N,N-Dimethyloctylamine"
"01140360A","127-07-1","Hydroxyurea"
"01140362A","1934-21-0","FD&C Yellow 5"
"01140364A","84-75-3","Dihexyl phthalate"
"01140366A","25956-17-6","Allura Red C.I.16035"
"01140368A","106-65-0","Dimethyl succinate"
"01140370A","105-99-7","Dibutyl hexanedioate"
"01140372A","92-52-4","Biphenyl"
"01140374A","584-13-4","4-Amino-1,2,4-triazole"
"01140376A","101-20-2","Triclocarban"
"01140378A","298-46-4","Carbamazepine"
"01140380A","5216-25-1","4-Chlorobenzotrichloride"
"01140382A","79-94-7","3,3',5,5'-Tetrabromobisphenol A"
"01140384A","68515-49-1","1,2-Benzenedicarboxylic acid, di-C9-11-branched alkyl esters, C10-rich"
"01140386A","126-86-3","2,4,7,9-Tetramethyl-5-decyne-4,7-diol"
"01140388A","149-30-4","2-Mercaptobenzothiazole"
"01140390A","78-42-2","Tris(2-ethylhexyl) phosphate"
"01140392A","80-08-0","Dapsone"
"01140394A","629-76-5","1-Pentadecanol"
"01140396A","111-82-0","Methyl dodecanoate"
"01140398A","112-49-2","Triethylene glycol dimethyl ether"
"01140400A","105-87-3","Geranyl acetate"
"01140402A","1120-71-4","1,3-Propane sultone"
"01140404A","115-96-8","Tris(2-chloroethyl) phosphate"
"01140406A","88-12-0","N-Vinyl-2-pyrrolidone"
"01140408A","91-22-5","Quinoline"
"01140410A","121-33-5","4-Hydroxy-3-methoxybenzaldehyde"
"01140412A","614-45-9","tert-Butyl perbenzoate"
"01140414A","80-43-3","Dicumyl peroxide"
"01140416A","93-15-2","Methyleugenol"
"01140418A","23593-75-1","Clotrimazole"
"01140420A","100-54-9","3-Pyridinecarbonitrile"
"01140422A","141-04-8","Diisobutyl adipate"
"01140424A","150-68-5","Monuron"
"01140426A","732-26-3","2,4,6-Tris(tert-butyl)phenol"
"01140428A","111-76-2","2-Butoxyethanol"
"01140430A","112-50-5","2-[2-(2-Ethoxyethoxy)ethoxy]ethanol"
"01140432A","2451-62-9","Triglycidyl isocyanurate"
"01140434A","112-53-8","1-Dodecanol"
"01140436A","4455-26-9","N-Methyldioctylamine"
"01140438A","78-63-7","2,5-Dimethyl-2,5-di-(tert-butylperoxy)hexane"
"01140440A","29590-42-9","Isooctyl acrylate"
"01140442A","2783-94-0","FD&C Yellow 6"
"01140444A","79902-63-9","Simvastatin"
"01140446A","86479-06-3","Hexaflumuron"
"01140448A","27955-94-8","4,4',4""-Ethane-1,1,1-triyltriphenol"
"01140450A","124-94-7","Triamcinolone"
"01140452A","754-91-6","PFOSA"
"01140454A","110-62-3","Pentanal"
"01140456A","99-97-8","N,N,4-Trimethylaniline"
"01140458A","527-60-6","2,4,6-Trimethylphenol"
"01140460A","57-50-1","Sucrose"
"01140462A","50-55-5","Reserpine"
"01140464A","1260-17-9","Carminic acid"
"01140466A","99-54-7","3,4-Dichloronitrobenzene"
"01140468A","112-72-1","1-Tetradecanol"
"01140470A","126-11-4","2-(Hydroxymethyl)-2-nitro-1,3-propanediol"
"01140472A","13311-84-7","Flutamide"
"01140474A","10540-29-1","Tamoxifen"
"01140476A","2687-25-4","2,3-Diaminotoluene"
"01140478A","54-11-5","Nicotine"
"01140480A","137-30-4","Ziram"
"01140482A","115-86-6","Triphenyl phosphate"
"01140484A","1929-77-7","Vernolate"
"01140486A","115-28-6","Chlorendic acid"
"01140488A","72-54-8","p,p'-DDD"
"01140490A","95-80-7","2,4-Diaminotoluene"
"01140492A","56-81-5","Glycerol"
"01140494A","79-06-1","Acrylamide"
"01140496A","50-78-2","Aspirin"
"01140498A","121-00-6","2-tert-Butyl-4-methoxyphenol"
"01140500A","262376-75-0","HMR1426"
"01140502A","725228-45-5","AVE5638"
"01140504A","929601-09-2","SR58611"
"01140506A","NOCAS_47342","SR125047"
"01140508A","NOCAS_47374","SSR161421"
"01140510A","189003-92-7","Trelanserin"
"01140512A","NOCAS_47334","MK-968"
"01140514A","742693-38-5","SSR504734"
"01140516A","155990-20-8","SR271425"
"01140518A","NOCAS_47330","PharmaGSID_47330"
"01140520A","1068967-96-3","SAR102608"
"01140522A","473289-62-2","Ilepatril"
"01140524A","NOCAS_47346","SSR162369"
"01140526A","139290-65-6","Volinanserin"
"01140528A","NOCAS_47366","SAR115740"
"01140530A","298198-52-4","SSR180711"
"01140532A","NOCAS_47333","PharmaGSID_47333"
"01140534A","NOCAS_47362","SSR150106"
"01140536A","NOCAS_47351","SSR240612"
"01140538A","210826-40-7","CP-456773"
"01140540A","197077-55-7","UK-333747"
"01140542A","158081-99-3","CP-105696"
"01140544A","220860-50-4","CP-457920"
"01140546A","179465-71-5","CJ-013790"
"01140548A","290352-28-2","CP-634384"
"01140550A","135080-03-4","CP-100829"
"01140552A","501027-49-2","PD-0333941"
"01140554A","89-04-3","Trioctyl trimellitate"
"01140558A","194098-25-4","CP-409092"
"01140560A","484-17-3","9-Phenanthrol"
"01140562A","289716-94-5","CP-607366"
"01140564A","349495-42-7","PharmaGSID_47263"
"01140566A","177785-47-6","PharmaGSID_47261"
"01140568A","527680-56-4","PHA-00568487"
"01140570A","478149-53-0","PHA-00543613"
"01140572A","57-74-9","Chlordane"
"01140574A","261947-38-0","CP-532623"
"01140576A","134002-60-1","CP-085958"
"01140578A","113734-18-2","CP-114271"
"01140580A","249296-43-3","CJ-013610"
"01140582A","NOCAS_47265","CP-471358"
"01140584A","124378-77-4","Enadoline"
"01140586A","214535-77-0","CP-457677"
"01140588A","112733-06-9","Zenarestat"
"01140590A","199171-88-5","CP-401387"
"01140592A","253450-09-8","Besonprodil"
"01140594A","445295-04-5","CP-671305"
"01140596A","361343-19-3","Elzasonan"
"01140598A","NOCAS_47248","CI-1018"
"01140600A","27138-31-4","Di(propylene glycol) dibenzoate"
"01140602A","678-39-7","1,1,2,2-Tetrahydroperfluoro-1-decanol"
"01140604A","2155-70-6","Tributyltin methacrylate"
"01140608A","120-82-1","1,2,4-Trichlorobenzene"
"01140610A","169590-42-5","Celecoxib"
"01140612A","4291-63-8","Cladribine"
"01140614A","111-21-7","Triethylene glycol diacetate"
"01140616A","7173-51-5","Didecyldimethylammonium chloride"
"01140618A","3296-90-0","2,2-Bis(bromomethyl)-1,3-propanediol"
"01140620A","79-44-7","Dimethylcarbamoyl chloride"
"01140622A","334-48-5","Decanoic acid"
"01140624A","100-02-7","4-Nitrophenol"
"01140626A","1119-40-0","Dimethyl glutarate"
"01140628A","118-71-8","Maltol"
"01140630A","96-76-4","2,4-Di-tert-butylphenol"
"01140632A","6055-19-2","Cyclophosphamide monohydrate"
"01140634A","50-29-3","p,p'-DDT"
"01140636A","302-79-4","all-trans-Retinoic acid"
"01140638A","112-27-6","Triethylene glycol"
"01140640A","97-54-1","Isoeugenol"
"01140642A","1461-22-9","Tributyltin chloride"
"01140644A","4151-50-2","Sulfluramid"
"01140646A","131-18-0","Dipentyl phthalate"
"01140648A","1948-33-0","tert-Butylhydroquinone"
"01140650A","111-90-0","2-(2-Ethoxyethoxy)ethanol"
"01140652A","111-46-6","Diethylene glycol"
"01140654A","80-46-6","4-(2-Methylbutan-2-yl)phenol"
"01140656A","112-34-5","2-(2-Butoxyethoxy)ethanol"
"01140658A","99-71-8","4-(Butan-2-yl)phenol"
"01140660A","80844-07-1","Etofenprox"
"01140662A","150-13-0","4-Aminobenzoic acid"
"01140664A","111-77-3","Diethylene glycol monomethyl ether"
"01140666A","107-88-0","1,3-Butanediol"
"01140668A","108-11-2","4-Methyl-2-pentanol"
"01140670A","26628-22-8","Sodium azide"
"01140672A","579-66-8","2,6-Diethylaniline"
"01140674A","134-20-3","Methyl 2-aminobenzoate"
"01140676A","148-24-3","8-Hydroxyquinoline"
"01140678A","59-50-7","4-Chloro-3-methylphenol"
"01140680A","90-04-0","2-Anisidine"
"01140682A","102-60-3","N,N,N',N'-Tetrakis(2-Hydroxypropyl)ethylenediamine"
"01140684A","121-79-9","Propyl gallate"
"01140686A","59756-60-4","Fluridone"
"01140688A","104-40-5","4-Nonylphenol"
"01140690A","2433-14-9","4-Cyclohexylcyclohexanol"
"01140692A","84371-65-3","Mifepristone"
"01140694A","2416-94-6","2,3,6-Trimethylphenol"
"01140696A","1120-36-1","1-Tetradecene"
"01140698A","59-87-0","Nitrofurazone"
"01140700A","1806-26-4","4-Octylphenol"
"01140702A","140-66-9","4-(1,1,3,3-Tetramethylbutyl)phenol"
"01140704A","92-84-2","Phenothiazine"
"01140706A","60-09-3","4-Aminoazobenzene"
"01140708A","81-90-3","Phenolphthalin"
"01140710A","59-67-6","Nicotinic acid"
"01140714A","15310-01-7","Benodanil"
"01140716A","NOCAS_47387","SAR102779"
"01140718A","1861-32-1","Chlorthal-dimethyl"
"01140720A","NOCAS_47328","MK-274"
"01140722A","NOCAS_47377","AVE6324"
"01140724A","97-56-3","2-Amino-5-azotoluene"
"01140726A","94-59-7","Safrole"
"01140728A","57-91-0","17alpha-Estradiol"
"01140730A","108-93-0","Cyclohexanol"
"01140732A","7631-86-9","Silica"
"01140734A","33228-44-3","4-Pentylaniline"
"01140736A","108-01-0","Dimethylaminoethanol"
"01140738A","107-41-5","2-Methyl-2,4-pentanediol"
"01140740A","534-52-1","2-Methyl-4,6-dinitrophenol"
"01140742A","6846-50-0","2,2,4-Trimethyl-1,3-pentanediol diisobutyrate"
"01140744A","140-64-7","Pentamidine isethionate"
"01140746A","106-87-6","4-Vinyl-1-cyclohexene dioxide"
"01140748A","91-62-3","6-Methylquinoline"
"01140750A","92-68-2","4-Cyclohexylcyclohexanone"
"01140752A","5877-42-9","4-Ethyloct-1-yn-3-ol"
"01140754A","63612-50-0","Nilutamide"
"01140756A","52-01-7","Spironolactone"
"01140758A","15619-48-4","1-Benzylquinolinium chloride"
"01140760A","36673-16-2","Isopropyl triethanolamine titanate"
"01140762A","13071-79-9","Terbufos"
"01140764A","1987-50-4","4-Heptylphenol"
"01140766A","7758-19-2","Sodium chlorite"
"01140768A","82640-04-8","Raloxifene hydrochloride"
"01140770A","111-30-8","Glutaraldehyde"
"01140772A","84-16-2","meso-Hexestrol"
"01140774A","107-98-2","1-Methoxy-2-propanol"
"01140776A","62-75-9","N-Nitrosodimethylamine"
"01140778A","123-51-3","Isopentyl alcohol"
"01140780A","486-66-8","Daidzein"
"01140782A","57-85-2","Testosterone propionate"
"01140784A","135-19-3","2-Naphthalenol"
"01140786A","427-51-0","Cyproterone acetate"
"01140788A","77-89-4","Acetyltriethyl citrate"
"01140790A","108-45-2","1,3-Benzenediamine"
"01140792A","824-78-2","Sodium 4-nitrophenolate"
"01140794A","744-45-6","Diphenyl isophthalate"
"01140796A","446-86-6","Azathioprine"
"01140798A","2605-79-0","N,N-Dimethyldecylamine oxide"
"01140800A","108-80-5","Cyanuric acid"
"01140802A","97-77-8","Disulfiram"
"01140804A","5349-51-9","4-(2-Methylbutan-2-yl)cyclohexanol"
"01140806A","106-49-0","4-Methylaniline"
"01140808A","10605-21-7","Carbendazim"
"01140810A","307-24-4","PFHxA"
"01140812A","98-87-3","Benzal chloride"
"01140814A","7487-94-7","Mercuric chloride"
"01140816A","826-62-0","2-Norbornene-5,6-dicarboxylic anhydride"
"01140818A","102-27-2","N-Ethyl-3-methylaniline"
"01140820A","69-74-9","Cytarabine hydrochloride"
"01140822A","206-44-0","Fluoranthene"
"01140824A","107534-96-3","Tebuconazole"
"01140826A","103-33-3","Azobenzene"
"01140828A","121-14-2","2,4-Dinitrotoluene"
"01140830A","122-66-7","1,2-Diphenylhydrazine"
"01140832A","56-04-2","6-Methyl-2-thiouracil"
"01140834A","51-79-6","Urethane"
"01140836A","2144-53-8","Tridecafluorohexylethyl methacrylate"
"01140838A","577-11-7","Docusate sodium"
"01140840A","3319-31-1","Tris(2-ethylhexyl) trimellitate"
"01140842A","25155-30-0","Sodium dodecylbenzenesulfonate"
"01140844A","335-76-2","PFDA"
"01140846A","147-24-0","Diphenhydramine hydrochloride"
"01140848A","56-53-1","Diethylstilbestrol"
"01140850A","1034-01-1","Octyl gallate"
"01140852A","496-72-0","3,4-Diaminotoluene"
"01140854A","95-94-3","1,2,4,5-Tetrachlorobenzene"
"01140856A","2835-95-2","5-Amino-2-methylphenol"
"01140858A","111-44-4","Bis(2-chloroethyl) ether"
"01140860A","100-97-0","Methenamine"
"01140862A","117-39-5","Quercetin"
"01140864A","647-42-7","3,3,4,4,5,5,6,6,7,7,8,8,8-Tridecafluorooctan-1-ol"
"01140866A","72-20-8","Endrin"
"01140868A","84-69-5","Diisobutyl phthalate"
"01140870A","72178-02-0","Fomesafen"
"01140872A","106-47-8","4-Chloroaniline"
"01140874A","55-18-5","N-Nitrosodiethylamine"
"01140876A","76-44-8","Heptachlor"
"01140878A","627-18-9","3-Bromo-1-propanol"
"01140880A","57-97-6","7,12-Dimethylbenz(a)anthracene"
"01140882A","82385-42-0","Sodium saccharin hydrate"
"01140884A","68-26-8","Retinol"
"01140886A","81-81-2","Warfarin"
"01140888A","25265-71-8","Dipropylene glycol"
"01140890A","30516-87-1","3'-Azido-3'-deoxythymidine"
"01140892A","86386-73-4","Fluconazole"
"01140894A","3147-75-9","Octrizole"
"01140896A","87-61-6","1,2,3-Trichlorobenzene"
"01140898A","548-62-9","Gentian Violet"
"01140900A","58-14-0","Pyrimethamine"
"01140902A","2176-62-7","Pentachloropyridine"
"01140904A","59-30-3","Folic acid"
"01140906A","101-80-4","4,4'-Oxydianiline"
"01140908A","62-23-7","4-Nitrobenzoic acid"
"01140910A","6915-15-7","Malic acid"
"01140912A","3811-73-2","Sodium (2-pyridylthio)-N-oxide"
"01140914A","112-38-9","10-Undecenoic acid"
"01140916A","52-51-7","Bronopol"
"01140918A","106-24-1","Geraniol"
"01140920A","131-17-9","Diallyl phthalate"
"01140922A","101-61-1","4,4'-Methylenebis(N,N-dimethylaniline)"
"01140924A","99-55-8","2-Methyl-5-nitroaniline"
"01140926A","532-32-1","Sodium benzoate"
"01140928A","4180-23-8","(E)-Anethole"
"01140930A","22915-73-7","Hexane-1,6-diyl dibenzoate"
"01140932A","2432-87-3","Dioctyl succinate"
"01140934A","6624-73-3","Pentane-1,5-diyl dibenzoate"
"01140936A","82469-79-2","Butyryl trihexyl citrate"
"01140938A","120-55-8","Diethylene glycol dibenzoate"
"01140940A","67-20-9","Nitrofurantoin"
"01140942A","2058-46-0","Oxytetracycline hydrochloride"
"01140944A","56-55-3","Benz(a)anthracene"
"01140946A","100-01-6","4-Nitroaniline"
"01140948A","563-12-2","Ethion"
"01140950A","2921-88-2","Chlorpyrifos"
"01140952A","133-90-4","Chloramben"
"01140954A","69-09-0","Chlorpromazine hydrochloride"
"01140956A","50892-23-4","Pirinixic acid"
"01140958A","99-65-0","1,3-Dinitrobenzene"
"01140960A","64-86-8","Colchicine"
"01140962A","26530-20-1","Octhilinone"
"01140964A","103-24-2","Bis(2-ethylhexyl) nonanedioate"
"01140966A","108-44-1","3-Methylaniline"
"01140968A","34590-94-8","Dipropylene glycol monomethyl ether"
"01140970A","86-73-7","Fluorene"
"01140972A","85-01-8","Phenanthrene"
"01140974A","50-35-1","Thalidomide"
"01140976A","104795-68-8","CI-959"
"01140978A","95-83-0","4-Chloro-1,2-diaminobenzene"
"01140980A","91-66-7","N,N-Diethylaniline"
"01140982A","446-72-0","Genistein"
"01140984A","3056-17-5","Stavudine"
"01140986A","63-05-8","4-Androstene-3,17-dione"
"01140988A","86-30-6","N-Nitrosodiphenylamine"
"01140990A","112529-15-4","Pioglitazone hydrochloride"
"01140992A","84852-15-3","4-Nonylphenol, branched"
"01140994A","69655-05-6","2',3'-Dideoxyinosine"
"01140996A","52-86-8","Haloperidol"
"01140998A","29420-49-3","PFBS-K"
"01141000A","66-27-3","Methyl methanesulfonate"
"01141002A","79-16-3","N-Methylacetamide"
"01141004A","76-03-9","Trichloroacetic acid"
"01141006A","25498-49-1","Tripropylene glycol monomethyl ether"
"01141008A","139-13-9","Nitrilotriacetic acid"
"01141010A","57-41-0","5,5-Diphenylhydantoin"
"01141012A","637-07-0","Clofibrate"
"01141014A","2772-45-4","2,4-Bis(1-methyl-1-phenylethyl)phenol"
"01141016A","88-60-8","2-tert-Butyl-5-methylphenol"
"01141018A","128-39-2","2,6-Di-tert-butylphenol"
"01141020A","NOCAS_47255","CP-465394"
"01141022A","136-60-7","Butyl benzoate"
"01141024A","556-67-2","Octamethylcyclotetrasiloxane"
"01141026A","87-69-4","L-Tartaric acid"
"01141028A","90-94-8","Michler's ketone"
"01141030A","41372-08-1","Methyldopa sesquihydrate"
"01141032A","57-11-4","Octadecanoic acid"
"01141034A","50-28-2","17beta-Estradiol"
"01141036A","544-76-3","Hexadecane"
"01141038A","5315-79-7","1-Hydroxypyrene"
"01141040A","106-25-2","(2Z)-3,7-Dimethylocta-2,6-dien-1-ol"
"01141042A","27178-16-1","Diisodecyl hexanedioate"
"01141044A","94-28-0","Triethylene glycol bis(2-ethylhexanoate)"
"01141046A","1836-75-5","Nitrofen"
"01141048A","69-65-8","D-Mannitol"
"01141050A","54965-24-1","Tamoxifen citrate"
"01141052A","58-93-5","Hydrochlorothiazide"
"01141054A","629-62-9","Pentadecane"
"01141056A","110-26-9","N,N'-Methylenebisacrylamide"
"01141058A","88-58-4","2,5-Di-tert-butylbenzene-1,4-diol"
"01141060A","112-42-5","1-Undecanol"
"01141062A","51-52-5","6-Propyl-2-thiouracil"
"01141064A","154-42-7","6-Thioguanine"
"01141066A","119-93-7","3,3'-Dimethylbenzidine"
"01141068A","77-09-8","Phenolphthalein"
"01141070A","80-15-9","Cumene hydroperoxide"
"01141072A","1143-38-0","Anthralin"
"01141074A","205-99-2","Benzo(b)fluoranthene"
"01141076A","120-95-6","2,4-Bis(2-methylbutan-2-yl)phenol"
"01141078A","291305-06-1","UK-373911"
"01141080A","127308-82-1","Zamifenacin"
"01141082A","402910-27-4","UK-416244"
"01141084A","NOCAS_47299","CP-422935"
"01141086A","230954-09-3","CP-544439"
"01141088A","NOCAS_47291","CI-1044"
"01141090A","353280-07-6","CP-612372"
"01141092A","668981-02-0","CP-863187"
"01141094A","1300-72-7","Sodium xylenesulfonate"
"01141096A","4904-61-4","1,5,9-Cyclododecatriene"
"01141098A","50-22-6","Corticosterone"
"01141100A","129-00-0","Pyrene"
"01141102A","32809-16-8","Procymidone"
"01141104A","95-14-7","1,2,3-Benzotriazole"
"01141106A","80-05-7","Bisphenol A"
"01141108A","77-47-4","Hexachlorocyclopentadiene"
"01141110A","27176-87-0","Dodecylbenzenesulfonic acid"
"01141112A","60-57-1","Dieldrin"
"01141114A","85-68-7","Butyl benzyl phthalate"
"01141118A","166412-78-8","Diisononyl cyclohexane-1,2-dicarboxylate"
"01141120A","131860-33-8","Azoxystrobin"
"01141122A","19044-88-3","Oryzalin"
"01141124A","55219-65-3","Triadimenol"
"01141126A","120-32-1","Clorophene"
"01141128A","608-73-1","1,2,3,4,5,6-Hexachlorocyclohexane"
"01141130A","584-79-2","Allethrin"
"01141132A","3380-34-5","Triclosan"
"01141134A","53894-23-8","Triisononyl trimellitate"
"01141136A","108-67-8","1,3,5-Trimethylbenzene"
"01141138A","51-24-1","Tiratricol"
"01141140A","68392-35-8","4-Hydroxytamoxifen"
"01141142A","797-63-7","Norgestrel"
"01141144A","105624-86-0","5HPP-33"
"01141146A","6344-67-8","3-Hydroxyfluorene"
"01141148A","1024-57-3","Heptachlor epoxide"
"01141150A","2528-16-7","Monobenzyl phthalate"
"01141152A","1563-66-2","Carbofuran"
"01141154A","110235-47-7","Mepanipyrim"
"01141162A","107-21-1","Ethylene glycol"
"01141164A","77-78-1","Dimethyl sulfate"
"01141166A","149413-74-1","FR150011"
"01141168A","146011-65-6","FR145237"
"01141170A","4098-71-9","Isophorone diisocyanate"
"01141172A","174185-16-1","FR167356"
"01141174A","102409-92-7","FR073317"
"01141176A","138472-01-2","FR900409"
"01141178A","NOCAS_48172","PharmaGSID_48172"
"01141180A","136042-19-8","FR130739"
"01141182A","129299-90-7","Fabesetron hydrochloride"
"01141184A","10161-33-8","17beta-Trenbolone"
"01141186A","789-02-6","o,p'-DDT"
"01141188A","929-59-9","2,2'-[Ethane-1,2-diylbis(oxy)]diethanamine"
"01141190A","91082-17-6","C10-21 sulfonic acids phenyl esters"
"01141192A","57-30-7","Phenobarbital sodium"
"01141194A","68-96-2","17alpha-Hydroxyprogesterone"
"01141196A","8000-34-8","Clove leaf oil"
"01141200A","6893-02-3","3,5,3'-Triiodothyronine"
"01141202A","1478-61-1","Bisphenol AF"
"01141204A","60-35-5","Acetamide"
"01141206A","68-22-4","Norethindrone"
"01141208A","53-16-7","Estrone"
"01141210A","35256-85-0","Butam"
"01141212A","1111-78-0","Ammonium carbamate"
"01141214A","2687-96-9","1-Dodecyl-2-pyrrolidinone"
"01141216A","1338-43-8","Sorbitan, mono-(9Z)-9-octadecenoate"
"01141218A","123-35-3","Myrcene"
"01141220A","79-43-6","Dichloroacetic acid"
"01141222A","127-51-5","alpha-Isomethylionone"
"01141224A","123-01-3","Dodecylbenzene"
"01141226A","62-38-4","Phenylmercuric acetate"
"01141228A","10222-01-2","2,2-Dibromo-3-nitrilopropionamide"
"01141230A","1191-50-0","Sodium myristyl sulfate"
"01141232A","2634-33-5","1,2-Benzisothiazolin-3-one"
"01141234A","88-85-7","Dinoseb"
"01141236A","208-96-8","Acenaphthylene"
"01141238A","650-51-1","Sodium trichloroacetate"
"01141240A","20325-40-0","3,3'-Dimethoxybenzidine dihydrochloride"
"01141242A","331623-06-4","MK-547"
"01141244A","96-23-1","1,3-Dichloro-2-propanol"
"01141246A","129453-61-8","Fulvestrant"
"01141252A","119-61-9","Benzophenone"
"01141254A","103-23-1","Di(2-ethylhexyl) adipate"
"11140700A","1806-26-4","4-Octylphenol"
"11140702A","140-66-9","4-(1,1,3,3-Tetramethylbutyl)phenol"
"11140704A","92-84-2","Phenothiazine"
"11140794A","744-45-6","Diphenyl isophthalate"
"11141106A","80-05-7","Bisphenol A"
"11141120A","131860-33-8","Azoxystrobin"
"11141122A","19044-88-3","Oryzalin"
"11141124A","55219-65-3","Triadimenol"
"11141126A","120-32-1","Clorophene"
"11141130A","584-79-2","Allethrin"
"11141132A","3380-34-5","Triclosan"
"21140700A","1806-26-4","4-Octylphenol"
"21140702A","140-66-9","4-(1,1,3,3-Tetramethylbutyl)phenol"
"21140704A","92-84-2","Phenothiazine"
"21140794A","744-45-6","Diphenyl isophthalate"
"21141106A","80-05-7","Bisphenol A"
"21141120A","131860-33-8","Azoxystrobin"
"21141122A","19044-88-3","Oryzalin"
"21141124A","55219-65-3","Triadimenol"
"21141126A","120-32-1","Clorophene"
"21141130A","584-79-2","Allethrin"
"21141132A","3380-34-5","Triclosan"
"BF00107322","55566-30-8","Tetrakis(hydroxymethyl)phosphonium sulfate"
"BF00128067","60-51-5","Dimethoate"
"BF00128068","115-32-2","Dicofol"
"BF00128069","141-66-2","Dicrotophos"
"BF00128070","134605-64-4","Butafenacil"
"BF00128071","131341-86-1","Fludioxonil"
"BF00128072","79241-46-6","Fluazifop-P-butyl"
"BF00128073","68694-11-1","Triflumizole"
"BF00128075","173584-44-6","Indoxacarb"
"BF00128076","29091-21-2","Prodiamine"
"BF00128078","68157-60-8","Forchlorfenuron"
"BF00128079","120068-37-3","Fipronil"
"BF00128080","97886-45-8","Dithiopyr"
"BF00128081","103361-09-7","Flumioxazin"
"BF00128082","122008-85-9","Cyhalofop-butyl"
"BF00128083","128639-02-1","Carfentrazone-ethyl"
"BF00128084","131807-57-3","Famoxadone"
"BF00128085","57966-95-7","Cymoxanil"
"BF00128086","57837-19-1","Metalaxyl"
"BF00128087","23031-36-9","Prallethrin"
"BF00128088","156052-68-5","Zoxamide"
"BF00128090","112281-77-3","Tetraconazole"
"BF00128091","74051-80-2","Sethoxydim"
"BF00128092","161050-58-4","Methoxyfenozide"
"BF00128094","113136-77-9","Cyclanilide"
"BF00128096","94361-06-5","Cyproconazole"
"BF00128097","298-00-0","Methyl parathion"
"BF00128098","23184-66-9","Butachlor"
"BF00128099","81777-89-1","Clomazone"
"BF00128100","149979-41-9","Tepraloxydim"
"BF00128101","52315-07-8","Cypermethrin"
"BF00128102","42874-03-3","Oxyfluorfen"
"BF00128103","35575-96-3","Azamethiphos"
"BF00128104","10043-35-3","Boric acid"
"BF00128105","55-38-9","Fenthion"
"BF00128106","15972-60-8","Alachlor"
"BF00128107","52-68-6","Trichlorfon"
"BF00128108","122-14-5","Fenitrothion"
"BF00128109","7287-19-6","Prometryn"
"BF00128110","1582-09-8","Trifluralin"
"BF00128111","1861-40-1","Benfluralin"
"BF00128112","43121-43-3","Triadimefon"
"BF00128114","40487-42-1","Pendimethalin"
"BF00128115","10265-92-6","Methamidophos"
"BF00128116","1698-60-8","Chloridazon"
"BF00128117","144550-36-7","Iodosulfuron-methyl-sodium"
"BF00128118","123312-89-0","Pymetrozine"
"BF00128119","42509-80-8","Isazofos"
"BF00128120","16752-77-5","Methomyl"
"BF00128121","2593-15-9","Etridiazole"
"BF00128122","335-67-1","PFOA"
"BF00128123","87-90-1","Symclosene"
"BF00128124","101-10-0","Cloprop"
"BF00128125","55406-53-6","3-Iodo-2-propynyl-N-butylcarbamate"
"BF00128126","136-45-8","Dipropyl pyridine-2,5-dicarboxylate"
"BF00128127","3380-34-5","Triclosan"
"BF00128128","1929-82-4","Nitrapyrin"
"BF00128129","15299-99-7","Napropamide"
"BF00128130","134-62-3","DEET"
"BF00128131","94-82-6","2,4-DB"
"BF00128132","36734-19-7","Iprodione"
"BF00128133","66215-27-8","Cyromazine"
"BF00128134","4376-18-5","Monomethyl phthalate"
"BF00128135","120-32-1","Clorophene"
"BF00128136","63-25-2","Carbaryl"
"BF00128137","6153-64-6","Oxytetracycline dihydrate"
"BF00128138","1918-00-9","Dicamba"
"BF00128139","330-54-1","Diuron"
"BF00128140","55219-65-3","Triadimenol"
"BF00128141","50471-44-8","Vinclozolin"
"BF00128142","69377-81-7","Fluroxypyr"
"BF00128143","53112-28-0","Pyrimethanil"
"BF00128144","138261-41-3","Imidacloprid"
"BF00128145","23103-98-2","Pirimicarb"
"BF00128146","78587-05-0","Hexythiazox"
"BF00128147","118134-30-8","Spiroxamine"
"BF00128148","199119-58-9","Trifloxysulfuron-sodium"
"BF00128149","188489-07-8","Flufenpyr-ethyl"
"BF00128165","153719-23-4","Thiamethoxam"
"BF00128166","81334-34-1","Imazapyr"
"BF00128167","741-58-2","Bensulide"
"BF00128168","84087-01-4","Quinclorac"
"BF00128169","76738-62-0","Paclobutrazol"
"BF00128170","300-76-5","Naled"
"BF00128171","5598-13-0","Chlorpyrifos-methyl"
"BF00128172","1007-28-9","Deisopropylatrazine"
"BF00128173","30560-19-1","Acephate"
"BF00128174","71751-41-2","Abamectin"
"BF00128175","333-41-5","Diazinon"
"BF00128176","27314-13-2","Norflurazon"
"BF00128177","51707-55-2","Thidiazuron"
"BF00128178","1134-23-2","Cycloate"
"BF00128179","66230-04-4","Esfenvalerate"
"BF00128180","81335-37-7","Imazaquin"
"BF00128181","39515-41-8","Fenpropathrin"
"BF00128182","1610-18-0","Prometon"
"BF00128183","51338-27-3","Diclofop-methyl"
"BF00128185","34256-82-1","Acetochlor"
"BF00128186","116-06-3","Aldicarb"
"BF00128187","110488-70-5","Dimethomorph"
"BF00128188","141112-29-0","Isoxaflutole"
"BF00128189","361377-29-9","Fluoxastrobin"
"BF00128190","111988-49-9","Thiacloprid"
"BF00128191","81406-37-3","Fluroxypyr-meptyl"
"BF00128192","85509-19-9","Flusilazole"
"BF00128193","79983-71-4","Hexaconazole"
"BF00128194","112410-23-8","Tebufenozide"
"BF00128195","35554-44-0","Imazalil"
"BF00128196","82558-50-7","Isoxaben"
"BF00128197","79538-32-2","Tefluthrin"
"BF00128198","124495-18-7","Quinoxyfen"
"BF00128199","104098-48-8","Imazapic"
"BF00128200","74115-24-5","Clofentezine"
"BF00128201","148-79-8","Thiabendazole"
"BF00128203","21087-64-9","Metribuzin"
"BF00128204","1897-45-6","Chlorothalonil"
"BF00128205","94-75-7","2,4-Dichlorophenoxyacetic acid"
"BF00128206","1194-65-6","Dichlobenil"
"BF00128208","122-39-4","Diphenylamine"
"BF00128209","420-04-2","Cyanamide"
"BF00128210","123-33-1","Maleic hydrazide"
"BF00128211","2425-06-1","Captafol"
"BF00128212","55335-06-3","Triclopyr"
"BF00128213","6734-80-1","Metam-sodium hydrate"
"BF00128214","2303-17-5","Tri-allate"
"BF00128215","126833-17-8","Fenhexamid"
"BF00128216","23135-22-0","Oxamyl"
"BF00128218","142459-58-3","Flufenacet"
"BF00128219","181274-15-7","Propoxycarbazone-sodium"
"BF00128220","88671-89-0","Myclobutanil"
"BF00128221","69327-76-0","Buprofezin"
"BF00128222","121552-61-2","Cyprodinil"
"BF00128223","66441-23-4","Fenoxaprop-ethyl"
"BF00128224","28249-77-6","Thiobencarb"
"BF00128225","119446-68-3","Difenoconazole"
"BF00128226","7696-12-0","Tetramethrin"
"BF00128227","51218-45-2","Metolachlor"
"BF00128228","23950-58-5","Propyzamide"
"BF00128229","1634-78-2","Malaoxon"
"BF00128230","135410-20-7","Acetamiprid"
"BF00128232","210880-92-5","Clothianidin"
"BF00128233","114311-32-9","Imazamox"
"BF00128234","33089-61-1","Amitraz"
"BF00128235","67747-09-5","Prochloraz"
"BF00128236","81335-77-5","Imazethapyr"
"BF00128237","133-07-3","Folpet"
"BF00128238","62924-70-3","Flumetralin"
"BF00128239","533-74-4","Dazomet"
"BF00128240","1596-84-5","Daminozide"
"BF00128241","101-05-3","Anilazine"
"BF00128243","26225-79-6","Ethofumesate"
"BF00128244","314-40-9","Bromacil"
"BF00128245","55283-68-6","Ethalfluralin"
"BF00128246","21725-46-2","Cyanazine"
"BF00128247","50594-66-6","Acifluorfen"
"BF00128248","60207-90-1","Propiconazole"
"BF00128249","34014-18-1","Tebuthiuron"
"BF00128250","5902-51-2","Terbacil"
"BF00128251","19666-30-9","Oxadiazon"
"BF00128252","759-94-4","EPTC"
"BF00128253","10453-86-8","Resmethrin"
"BF00128255","1702-17-6","Clopyralid"
"BF00128256","834-12-8","Ametryn"
"BF00128257","52645-53-1","Permethrin"
"BF00128258","115-29-7","Endosulfan"
"BF00128259","2310-17-0","Phosalone"
"BF00128260","51235-04-2","Hexazinone"
"BF00128261","72490-01-8","Fenoxycarb"
"BF00128262","1918-02-1","Picloram"
"BF00128263","2164-17-2","Fluometuron"
"BF00128264","6923-22-4","Monocrotophos"
"BF00128265","23564-05-8","Thiophanate-methyl"
"BF00128266","31218-83-4","Propetamphos"
"BF00128267","25057-89-0","Bentazone"
"BF00128268","114369-43-6","Fenbuconazole"
"BF00128269","24307-26-4","Mepiquat chloride"
"BF00128270","95737-68-1","Pyriproxyfen"
"BF00128271","129630-19-9","Pyraflufen-ethyl"
"BF00128272","5234-68-4","Carboxin"
"BF00128273","330-55-2","Linuron"
"BF00128274","105512-06-9","Clodinafop-propargyl"
"BF00128275","131-70-4","Monobutyl phthalate"
"BF00128276","3337-71-1","Asulam"
"BF00128277","122-99-6","2-Phenoxyethanol"
"BF00128278","82657-04-3","Bifenthrin"
"BF00128279","90-43-7","2-Phenylphenol"
"BF00128280","19044-88-3","Oryzalin"
"BF00128281","66332-96-5","Flutolanil"
"BF00128282","950-37-8","Methidathion"
"BF00128283","121-75-5","Malathion"
"BF00128285","13194-48-4","Ethoprop"
"BF00128286","22224-92-6","Fenamiphos"
"BF00128287","584-79-2","Allethrin"
"BF00128288","1763-23-1","PFOS"
"BF00128289","117-81-7","Di(2-ethylhexyl) phthalate"
"BF00128290","131860-33-8","Azoxystrobin"
"BF00128291","188425-85-6","Boscalid"
"BF00128292","51-03-6","Piperonyl butoxide"
"BF00128293","72-43-5","Methoxychlor"
"BF00128294","4376-20-9","MEHP"
"BF00128295","77501-63-4","Lactofen"
"BF00128296","12427-38-2","Maneb"
"BF00128297","96182-53-5","Tebupirimfos"
"BF00128298","75-60-5","Dimethylarsinic acid"
"BF00128299","56-72-4","Coumaphos"
"BF00128300","22781-23-3","Bendiocarb"
"BF00128301","86-50-0","Azinphos-methyl"
"BF00128302","33629-47-9","Butralin"
"BF00128303","23422-53-9","Formetanate hydrochloride"
"BF00128304","60168-88-9","Fenarimol"
"BF00128305","87674-68-8","Dimethenamid"
"BF00128306","135158-54-2","Acibenzolar-S-methyl"
"BF00128307","113-48-4","MGK-264"
"BF00128308","43222-48-6","Difenzoquat metilsulfate"
"BF00128309","120116-88-3","Cyazofamid"
"BF00128310","57754-85-5","Clopyralid-olamine"
"BF00128311","2008-41-5","Butylate"
"BF00128312","2212-67-1","Molinate"
"BF00128313","29232-93-7","Pirimiphos-methyl"
"BF00128314","7786-34-7","Mevinphos"
"BF00128315","28434-00-6","S-Bioallethrin"
"BF00128317","54593-83-8","Chlorethoxyfos"
"BF00128318","98967-40-9","Flumetsulam"
"BF00128319","25606-41-1","Propamocarb hydrochloride"
"BF00128320","133-06-2","Captan"
"BF00128321","123343-16-8","Pyrithiobac-sodium"
"BF00128322","87546-18-7","Flumiclorac-pentyl"
"BF00128323","117718-60-2","Thiazopyr"
"BF00128324","83657-24-3","Diniconazole"
"BF00128325","117337-19-6","Fluthiacet-methyl"
"BF00128326","145701-21-9","Diclosulam"
"BF00128328","78-48-8","Tribufos"
"BF00128329","94-74-6","MCPA"
"BF00128330","709-98-8","Propanil"
"BF00128331","120-36-5","Dichlorprop"
"BF00128332","122-34-9","Simazine"
"BF00128333","16672-87-0","Ethephon"
"BF00128334","96-45-7","Ethylene thiourea"
"BF00128335","137-26-8","Thiram"
"BF00128336","6385-62-2","Diquat dibromide monohydrate"
"BF00128337","122836-35-5","Sulfentrazone"
"BF00128339","69806-50-4","Fluazifop-butyl"
"BF00128340","2675-77-6","Chloroneb"
"BF00128341","59669-26-0","Thiodicarb"
"BF00128342","76-87-9","Triphenyltin hydroxide"
"BF00128343","1689-84-5","Bromoxynil"
"BF00128344","101-21-3","Chlorpropham"
"BF00128345","131-11-3","Dimethyl phthalate"
"BF00128346","114-26-1","Propoxur"
"BF00128347","139-40-2","Propazine"
"BF00128348","58-89-9","Lindane"
"BF00128349","1912-24-9","Atrazine"
"BF00128350","82-68-8","Pentachloronitrobenzene"
"BF00128351","84-74-2","Dibutyl phthalate"
"BF00128352","17804-35-2","Benomyl"
"BF00128353","80-05-7","Bisphenol A"
"BF00128354","104206-82-8","Mesotrione"
"BF00128355","87820-88-0","Tralkoxydim"
"BF00128356","131983-72-7","Triticonazole"
"BF00128357","962-58-3","Diazoxon"
"BF00128358","5598-15-2","Chlorpyrifos oxon"
"BF00128359","NOCAS_34742","Milbemectin (mixture of 70% Milbemcin A4, 30% Milbemycin A3)"
"BF00131805","153233-91-1","Etoxazole"
"BF00131806","116714-46-6","Novaluron"
"BF00131807","87818-31-3","Cinmethylin"
"BF00131808","68359-37-5","Cyfluthrin"
"BF10128127","3380-34-5","Triclosan"
"BF10128135","120-32-1","Clorophene"
"BF10128140","55219-65-3","Triadimenol"
"BF10128280","19044-88-3","Oryzalin"
"BF10128287","584-79-2","Allethrin"
"BF10128288","1763-23-1","PFOS"
"BF10128290","131860-33-8","Azoxystrobin"
"BF10128353","80-05-7","Bisphenol A"
"BF20128127","3380-34-5","Triclosan"
"BF20128135","120-32-1","Clorophene"
"BF20128140","55219-65-3","Triadimenol"
"BF20128280","19044-88-3","Oryzalin"
"BF20128287","584-79-2","Allethrin"
"BF20128288","1763-23-1","PFOS"
"BF20128290","131860-33-8","Azoxystrobin"
"TX000097","58394-64-2","Benzyloctyl adipate"
"TX000777","79622-59-6","Fluazinam"
"TX000789","148477-71-8","Spirodiclofen"
"TX000991","85264-33-1","(3,5-Dimethyl-1H-pyrazol-1-yl)methanol"
"TX001026","33956-49-9","Codlelure"
"TX001028","99-86-5","alpha-Terpinene"
"TX001030","525-79-1","Kinetin"
"TX001034","95-13-6","Indene"
"TX001038","140-56-7","Fenaminosulf"
"TX001040","654055-01-3","Morin hydrate"
"TX001052","101-42-8","Fenuron"
"TX001060","7540-51-4","(S)-(-)-beta-Citronellol"
"TX001064","571-58-4","1,4-Dimethylnaphthalene"
"TX001068","6485-40-1","R-(-)-Carvone"
"TX001069","541-73-1","1,3-Dichlorobenzene"
"TX001072","28804-88-8","Dimethylnaphthalene"
"TX001074","99-85-4","gamma-Terpinene"
"TX001083","2444-46-4","Nonivamide"
"TX001086","140-11-4","Benzyl acetate"
"TX001087","116-29-0","Tetradifon"
"TX001106","101463-69-8","Flufenoxuron"
"TX001112","11099-07-3","Glyceryl stearates"
"TX001118","4468-42-2","3-Phenylhexane"
"TX001132","283594-90-1","Spiromesifen"
"TX001134","18924-66-8","2,2'-(Tetradecylimino)diethanol"
"TX001140","1541-81-7","4-Dodecylmorpholine"
"TX001166","55512-33-9","Pyridate"
"TX001178","163520-33-0","Isoxadifen-ethyl"
"TX001184","21145-77-7","6-Acetyl-1,1,2,4,4,7-hexamethyltetralin"
"TX001222","2917-73-9","Dibutyl nonanedioate"
"TX001230","3913-02-8","2-Butyloctan-1-ol"
"TX001247","42978-66-5","Tripropylene glycol diacrylate"
"TX0012711","110-17-8","Fumaric acid"
"TX0012712","99-63-8","1,3-Benzenedicarbonyl dichloride"
"TX0012713","5329-14-6","Sulfamic acid"
"TX0012714","7757-79-1","Potassium nitrate"
"TX0012715","137-42-8","Metam-sodium"
"TX0012716","126-30-7","2,2-Dimethylpropane-1,3-diol"
"TX0012717","61-82-5","Amitrole"
"TX0012718","110-65-6","2-Butyne-1,4-diol"
"TX0012719","824-39-5","Sodium 2-nitrophenolate"
"TX0012720","3164-85-0","Potassium 2-ethylhexanoate"
"TX0012721","684-93-5","N-Nitroso-N-methylurea"
"TX0012722","1762-95-4","Thiocyanic acid, ammonium salt"
"TX0012723","139-02-6","Sodium phenolate"
"TX0012724","106-50-3","1,4-Benzenediamine"
"TX0012725","110-16-7","Maleic acid"
"TX0012726","123-77-3","Azodicarbonamide"
"TX0012727","62-74-8","Sodium fluoroacetate"
"TX0012728","3926-62-3","Sodium chloroacetate"
"TX0012729","3811-04-9","Potassium chlorate"
"TX0012730","611-20-1","2-Hydroxybenzonitrile"
"TX0012731","110-15-6","Butanedioic acid"
"TX0012732","534-13-4","N,N'-Dimethylthiourea"
"TX0012733","2231-57-4","Thiocarbazide"
"TX0012734","461-58-5","Cyanoguanidine"
"TX0012735","6610-29-3","N-Methylhydrazinecarbothioamide"
"TX0012736","5536-61-8","Sodium methacrylate"
"TX0012737","79-14-1","Glycolic acid"
"TX0012738","108-68-9","3,5-Dimethylphenol"
"TX0012739","143390-89-0","Kresoxim-methyl"
"TX0012741","178928-70-6","Prothioconazole"
"TX0012745","791-31-1","Triphenylsilanol"
"TX0012750","623-36-9","2-Methylpent-2-enal"
"TX0012757","4390-04-9","2,2,4,4,6,8,8-Heptamethylnonane"
"TX0012762","821-55-6","2-Nonanone"
"TX0012769","3647-69-6","4-(2-Chloroethyl)morpholine hydrochloride (1:1)"
"TX0012774","93-02-7","2,5-Dimethoxybenzaldehyde"
"TX0012777","84-15-1","o-Terphenyl"
"TX001343","1570-64-5","4-Chloro-2-methylphenol"
"TX001350","101-84-8","Diphenyl oxide"
"TX001394","95-49-8","2-Chlorotoluene"
"TX001399","123-11-5","4-Methoxybenzaldehyde"
"TX001400","460-00-4","1-Bromo-4-fluorobenzene"
"TX001440","109-86-4","2-Methoxyethanol"
"TX001556","83-67-0","Theobromine"
"TX001593","56-38-2","Parathion"
"TX001595","41198-08-7","Profenofos"
"TX001598","155569-91-8","Emamectin benzoate"
"TX001609","62-73-7","Dichlorvos"
"TX001612","298-04-4","Disulfoton"
"TX001620","6317-18-6","Methylene bis(thiocyanate)"
"TX001632","999-97-3","Hexamethyldisilazane"
"TX001689","101-83-7","Dicyclohexylamine"
"TX001697","109-55-7","3-(Dimethylamino)propylamine"
"TX001698","102-82-9","Tributylamine"
"TX001701","124-09-4","1,6-Hexanediamine"
"TX001705","104-76-7","2-Ethyl-1-hexanol"
"TX001708","95-48-7","o-Cresol"
"TX001712","124-18-5","Decane"
"TX001716","124-13-0","Octanal"
"TX001735","87-86-5","Pentachlorophenol"
"TX001757","101-72-4","N-Isopropyl-N'-phenyl-p-phenylenediamine"
"TX001775","75-64-9","tert-Butylamine"
"TX001784","99-87-6","p-Cymene"
"TX001787","111-49-9","Hexamethyleneimine"
"TX001793","620-17-7","3-Ethylphenol"
"TX001796","25168-05-2","Chlorotoluene"
"TX001801","90-12-0","1-Methylnaphthalene"
"TX001810","109-77-3","Propanedinitrile"
"TX001830","95-57-8","2-Chlorophenol"
"TX001843","88-72-2","2-Nitrotoluene"
"TX001876","110-80-5","2-Ethoxyethanol"
"TX001881","109-02-4","4-Methylmorpholine"
"TX001882","121-69-7","N,N-Dimethylaniline"
"TX001887","100-37-8","N,N-Diethylethanolamine"
"TX001903","108-91-8","Cyclohexylamine"
"TX001907","68-12-2","N,N-Dimethylformamide"
"TX001919","75-86-5","2-Hydroxy-2-methylpropanenitrile"
"TX001921","108-95-2","Phenol"
"TX002104","95-63-6","1,2,4-Trimethylbenzene"
"TX002114","110-43-0","2-Heptanone"
"TX002126","1563-38-8","2,3-Dihydro-2,2-dimethyl-7-benzofuranol"
"TX002131","87-25-2","Ethyl anthranilate"
"TX002132","98-86-2","Acetophenone"
"TX002152","79-24-3","Nitroethane"
"TX002177","81-07-2","Saccharin"
"TX002193","106-43-4","4-Chlorotoluene"
"TX002202","141-32-2","Butyl acrylate"
"TX002205","93-65-2","Mecoprop"
"TX002210","126-98-7","Methacrylonitrile"
"TX002231","95-76-1","3,4-Dichloroaniline"
"TX002249","29387-86-8","Propylene glycol monobutyl ether"
"TX002286","1112-39-6","Dimethoxydimethylsilane"
"TX002304","1873-88-7","1,1,1,3,5,5,5-Heptamethyltrisiloxane"
"TX002308","1118-46-3","Butyltin trichloride"
"TX002330","1214-39-7","N-Benzyladenine"
"TX002331","105-54-4","Ethyl butyrate"
"TX002390","4940-11-8","2-Ethyl-3-hydroxy-4H-pyran-4-one"
"TX002400","2031-67-6","Triethoxymethylsilane"
"TX002408","117-80-6","Dichlone"
"TX002412","2996-92-1","Trimethoxyphenylsilane"
"TX002414","140-08-9","Tris(2-chloroethyl) phosphite"
"TX002416","1076-97-7","1,4-Cyclohexanedicarboxylic acid"
"TX002436","92-69-3","4-Phenylphenol"
"TX002449","1120-21-4","Undecane"
"TX002452","93-76-5","2,4,5-Trichlorophenoxyacetic acid"
"TX002454","143-08-8","1-Nonanol"
"TX002460","122-20-3","Triisopropanolamine"
"TX002467","140-95-4","Dimethylolurea"
"TX002472","111-96-6","Bis(2-methoxyethyl) ether"
"TX002488","104-87-0","4-Methylbenzaldehyde"
"TX002496","1401-55-4","Tannic acid"
"TX002507","109-46-6","N,N'-Dibutylthiourea"
"TX002517","512-42-5","Sodium methyl sulfate"
"TX002519","34451-19-9","Butyl (2S)-2-hydroxypropanoate"
"TX002527","957-51-7","Diphenamid"
"TX002572","50-21-5","Lactic acid"
"TX002616","110-97-4","Diisopropanolamine"
"TX002640","131-57-7","2-Hydroxy-4-methoxybenzophenone"
"TX002664","587-85-9","Diphenylmercury(II)"
"TX002666","142-31-4","Sodium octyl sulfate"
"TX002668","1646-88-4","Aldoxycarb"
"TX002674","6190-65-4","Deethylatrazine"
"TX002700","142-18-7","1-Monolaurin"
"TX002714","141-22-0","(9Z,12R)-12-Hydroxyoctadec-9-enoic acid"
"TX002740","123-07-9","4-Ethylphenol"
"TX002742","493-52-7","Methyl red"
"TX002764","57-09-0","Hexadecyltrimethylammonium bromide"
"TX002797","69806-40-2","Haloxyfop-methyl"
"TX002798","110-05-4","Di-tert-butyl peroxide"
"TX002849","110-33-8","Dihexyl hexanedioate"
"TX002851","1559-34-8","3,6,9,12-Tetraoxahexadecan-1-ol"
"TX002858","10025-74-8","Dysprosium(III) chloride"
"TX002866","2756-56-1","Isobornyl propanoate"
"TX002890","138-22-7","Butyl lactate"
"TX002892","139-87-7","Ethyl diethanolamine"
"TX002896","877-24-7","Monopotassium phthalate"
"TX002902","97-78-9","N-Dodecanoyl-N-methylglycine"
"TX002904","4574-04-3","Myristyltrimethylammonium chlorideN,N,N-Trimethyltetradecan-1-aminium chloride"
"TX002908","3025-30-7","Ethyl (2E,4Z)-deca-2,4-dienoate"
"TX002910","140-38-5","4-Chlorophenylurea"
"TX002923","628-63-7","Pentyl acetate"
"TX002934","35400-43-2","Sulprofos"
"TX002938","59-40-5","Sulfaquinoxaline"
"TX002950","544-63-8","Tetradecanoic acid"
"TX002960","77-86-1","Tromethamine"
"TX002972","123-99-9","Nonanedioic acid"
"TX002978","80-54-6","3-(4-tert-Butylphenyl)-2-methylpropanal"
"TX002988","110-69-0","Butanal oxime"
"TX002994","24157-81-1","2,6-Diisopropylnaphthalene"
"TX003066","99-62-7","1,3-Diisopropylbenzene"
"TX003076","78-51-3","Tris(2-butoxyethyl) phosphate"
"TX003085","96-09-3","Styrene oxide"
"TX003128","88-30-2","3-Trifluoromethyl-4-nitrophenol"
"TX003134","90-30-2","N-Phenyl-1-naphthylamine"
"TX003151","118-75-2","Chloranil"
"TX003154","2934-05-6","2,4-Diisopropylphenol"
"TX003156","4107-98-6","N,N-Diisopropylaniline"
"TX003158","78-07-9","Ethyltriethoxysilane"
"TX003160","23089-26-1","Levomenol"
"TX003164","21662-09-9","(4Z)-4-Decenal"
"TX003168","93-92-5","(+/-)-alpha-Methylbenzyl acetate"
"TX003170","122-42-9","Propham"
"TX003177","5870-93-9","Heptyl butanoate"
"TX003184","499-75-2","Isopropyl-o-cresol"
"TX003188","78-70-6","Linalool"
"TX003190","104-61-0","gamma-Nonanolactone"
"TX003196","7681-82-5","Sodium iodide"
"TX003204","2425-77-6","2-Hexyl-1-decanol"
"TX003208","657-84-1","Sodium 4-methylbenzenesulfonate"
"TX003214","717-74-8","1,3,5-Triisopropylbenzene"
"TX003216","21245-02-3","2-Ethylhexyl 4-(dimethylamino)benzoate"
"TX003232","6259-76-3","Hexyl salicylate"
"TX003236","1008-72-6","Sodium 2-formylbenzenesulfonate"
"TX003238","941-69-5","1-Phenyl-1H-pyrrole-2,5-dione"
"TX003240","118-58-1","Benzyl salicylate"
"TX003253","97-74-5","Tetramethylthiuram monosulfide"
"TX003266","7212-44-4","Nerolidol"
"TX003276","94-71-3","2-Ethoxyphenol"
"TX003280","112-12-9","2-Undecanone"
"TX003282","104-54-1","3-Phenyl-2-propen-1-ol"
"TX003292","122-78-1","Phenylacetaldehyde"
"TX003294","6152-33-6","Sodium 2-phenylphenate tetrahydrate"
"TX003320","66-71-7","1,10-Phenanthroline"
"TX003326","487-06-9","5,7-Dimethoxy-2H-chromen-2-one"
"TX003338","587-65-5","2-Chloro-N-phenylacetamide"
"TX003350","80-09-1","4,4'-Sulfonyldiphenol"
"TX003370","143-07-7","Dodecanoic acid"
"TX003374","78-40-0","Triethyl phosphate"
"TX003383","123-92-2","3-Methylbutyl acetate"
"TX003404","4065-45-6","Sulisobenzone"
"TX003426","97-59-6","Allantoin"
"TX003432","928-96-1","(Z)-3-Hexen-1-ol"
"TX003436","706-14-9","gamma-Decanolactone"
"TX003449","126-07-8","Griseofulvin"
"TX003458","496-46-8","Glycoluril"
"TX003472","99-07-0","3-Dimethylaminophenol"
"TX003506","609-54-1","2,5-Dimethylbenzenesulfonic acid"
"TX003522","55934-93-5","Tripropylene glycol butyl ether"
"TX003547","88-41-5","2-tert-Butylcyclohexyl acetate"
"TX003572","133855-98-8","Epoxiconazole"
"TX003721","556-61-6","Methyl isothiocyanate"
"TX003751","2642-71-9","Azinphos-ethyl"
"TX003824","1120-01-0","Sodium hexyldecyl sulfate"
"TX003846","106-30-9","Ethyl heptanoate"
"TX003863","695-06-7","gamma-Caprolactone"
"TX003871","51630-58-1","Fenvalerate"
"TX003873","6728-26-3","(2E)-2-Hexenal"
"TX003879","128-95-0","1,4-Diaminoanthraquinone"
"TX003887","682-01-9","Tetrapropyl orthosilicate"
"TX003893","25155-18-4","Methylbenzethonium chloride"
"TX003896","106-27-4","Isopentyl butyrate"
"TX003909","83-88-5","Riboflavin"
"TX003911","120-46-7","1,3-Diphenyl-1,3-propanedione"
"TX003913","107-75-5","7-Hydroxy-3,7-dimethyloctanal"
"TX003917","50-70-4","D-Glucitol"
"TX003949","101-81-5","Diphenylmethane"
"TX003951","84-61-7","Dicyclohexyl phthalate"
"TX003957","489-01-0","2,6-Di-tert-butyl-4-methoxyphenol"
"TX003961","64-10-8","1-Phenylurea"
"TX003964","126-14-7","Sucrose octaacetate"
"TX003967","81-88-9","Rhodamine B"
"TX003969","532-02-5","Sodium 2-naphthalenesulfonate"
"TX003980","64-19-7","Acetic acid"
"TX004022","79-19-6","Thiosemicarbazide"
"TX004047","1335-46-2","Methylionone"
"TX004059","2122-70-5","Ethyl 1-naphthaleneacetate"
"TX004067","4437-85-8","Butylene carbonate"
"TX004086","95-32-9","2-(Morpholin-4-yldithio)-1,3-benzothiazole"
"TX004105","92-04-6","2-Chloro-4-phenylphenol"
"TX004193","818-61-1","2-Hydroxyethyl acrylate"
"TX004197","138-86-3","Limonene"
"TX004206","135-57-9","2,2'-Dibenzoylaminodiphenyl disulfide"
"TX004209","4130-42-1","2,6-Di-tert-butyl-4-ethylphenol"
"TX004217","645-62-5","2-Ethyl-2-hexenal"
"TX004227","2492-26-4","Sodium 2-mercaptobenzothiolate"
"TX004228","122-19-0","N,N-Dimethyl-N-octadecylbenzenemethanaminium chloride"
"TX004259","605-45-8","Diisopropyl phthalate"
"TX004297","107-92-6","Butanoic acid"
"TX004301","130-14-3","Sodium 1-naphthalenesulfonate"
"TX004310","497-39-2","4,6-Di-tert-butyl-m-cresol"
"TX004330","123-17-1","2,6,8-Trimethyl-4-nonanol"
"TX004334","2554-06-5","1,3,5,7-Tetramethyl-1,3,5,7-tetravinylcyclotetrasiloxane"
"TX004356","147-81-9","Arabinose"
"TX004358","87-01-4","7-(Dimethylamino)-4-methylcoumarin"
"TX004362","26402-26-6","Glyceryl monooctanoate"
"TX004364","2390-60-5","Basic Blue 7"
"TX004370","2610-11-9","C.I. Direct Red 81 disodium salt"
"TX004380","27344-41-8","Disodium 4,4'-bis(2-sulfostyryl)biphenyl"
"TX004392","103-34-4","4,4'-Dithiodimorpholine"
"TX004396","13171-00-1","1-(6-tert-Butyl-1,1-dimethyl-2,3-dihydro-1H-inden-4-yl)ethanone"
"TX004402","120-65-0","2-((Dimethylamino)methyl)phenol"
"TX004404","129-06-6","Sodium warfarin"
"TX004416","4712-55-4","Diphenyl phosphite"
"TX004428","2687-94-7","N-Octyl-2-pyrrolidone"
"TX004438","97-00-7","1-Chloro-2,4-dinitrobenzene"
"TX004451","485-31-4","Binapacryl"
"TX004466","139-88-8","7-Ethyl-2-methyl-4-undecanolsulfate, sodium salt"
"TX004479","618-45-1","3-Isopropylphenol"
"TX004481","1929-73-3","2,4-D-Butotyl"
"TX004485","99607-70-2","Cloquintocet-mexyl"
"TX004507","71283-80-2","Fenoxaprop-P-ethyl"
"TX004511","26002-80-2","Phenothrin"
"TX004513","67564-91-4","(2R,6S)-Fenpropimorph"
"TX004516","470-90-6","Chlorfenvinphos"
"TX004525","1031-07-8","Endosulfan sulfate"
"TX004539","122453-73-0","Chlorfenapyr"
"TX004541","14816-18-3","Phoxim"
"TX004545","311-45-5","Paraoxon"
"TX004547","959-98-8","Endosulfan I"
"TX004563","3734-33-6","Denatonium benzoate"
"TX004572","19774-82-4","Amiodarone hydrochloride"
"TX004579","2445-77-4","2-Methylbutyl isovalerate"
"TX004611","5138-18-1","Sulfosuccinic acid"
"TX004615","57-06-7","Allyl isothiocyanate"
"TX004631","50-27-1","Estriol"
"TX004639","1189-08-8","1,3-Butyleneglycol dimethacrylate"
"TX004809","101-37-1","2,4,6-Tris(allyloxy)-1,3,5-triazine"
"TX004833","7779-27-3","1,3,5-Triethylhexahydro-s-triazine"
"TX004883","3452-97-9","3,5,5-Trimethyl-1-hexanol"
"TX004891","4638-48-6","5-Chlorosalicylanilide"
"TX004903","51632-16-7","1-(Bromomethyl)-3-phenoxybenzene"
"TX004907","124-76-5","Isoborneol"
"TX004943","5850-86-2","C.I. Acid Orange 8, monosodium salt"
"TX004947","31519-22-9","1,4-Dihydroxy-2-naphthoic acid"
"TX004950","120-18-3","Naphthalene-2-sulfonic acid"
"TX004955","126-06-7","3-Bromo-1-chloro-5,5-dimethylhydantoin"
"TX004973","4707-47-5","Methyl 2,4-dihydroxy-3,6-dimethylbenzoate"
"TX005018","15625-89-5","Trimethylolpropane triacrylate"
"TX005053","585-34-2","3-tert-Butylphenol"
"TX005055","2386-87-0","UT-632"
"TX005069","119-47-1","2,2'-Methylenebis(4-methyl-6-tert-butylphenol)"
"TX005115","108-83-8","Diisobutyl ketone"
"TX005122","95-53-4","2-Methylaniline"
"TX005144","98-07-7","Benzotrichloride"
"TX005147","85-40-5","1,2,3,6-Tetrahydrophthalimide"
"TX005170","88-74-4","2-Nitroaniline"
"TX005224","328-84-7","1,2-Dichloro-4-(trifluoromethyl)benzene"
"TX005228","118-79-6","2,4,6-Tribromophenol"
"TX005248","107-07-3","2-Chloroethanol"
"TX005251","110-12-3","5-Methyl-2-hexanone"
"TX005252","95-50-1","1,2-Dichlorobenzene"
"TX005257","107-54-0","3,5-Dimethyl-1-hexyn-3-ol"
"TX005263","692-86-4","Ethyl undec-10-enoate"
"TX005327","2627-95-4","1,3-Divinyl-1,1,3,3-tetramethyl disiloxane"
"TX005338","4162-45-2","Tetrabromobisphenol A bis(2-hydroxyethyl) ether"
"TX005400","728-40-5","2,6-Di-tert-butyl-4-nitrophenol"
"TX005405","22248-79-9","Z-Tetrachlorvinphos"
"TX005406","1646-75-9","Aldicarb oxime"
"TX005417","6706-59-8","L-Glucitol"
"TX005423","59227-89-3","Laurocapram"
"TX005457","827-21-4","Sodium m-xylene-4-sulfonate"
"TX005465","1742-14-9","1,1-Bis(3,4-dimethylphenyl)ethane"
"TX005469","27306-78-1","Silwet L77"
"TX005471","25638-17-9","Butylnaphthalenesulfonic acid sodium salt"
"TX005479","2110-18-1","2-(3-Phenylpropyl)pyridine"
"TX005481","14765-30-1","2-sec-Butylcyclohexanone"
"TX005483","80-27-3","Terpinyl propionate"
"TX005491","3383-96-8","Temephos"
"TX005501","151-05-3","Dimethylbenzylcarbinyl acetate"
"TX005516","10094-34-5","1,1-Dimethyl-2-phenylethyl butanoate"
"TX005519","32388-55-9","1-Cedr-8-en-9-ylethanone"
"TX005531","2694-54-4","Triallyl trimellitate"
"TX005537","27253-33-4","Calcium neodecanoate"
"TX005560","110-25-8","Oleyl sarcosine"
"TX005562","1907-65-9","N-Butyl-p-toluenesulfonamide"
"TX005566","5153-25-3","2-Ethylhexylparaben"
"TX005668","29385-43-1","Tolyltriazole"
"TX005680","25812-30-0","Gemfibrozil"
"TX005729","22839-47-0","Aspartame"
"TX005743","60-33-3","Linoleic acid"
"TX005749","127-47-9","Retinol acetate"
"TX005751","54-85-3","Isoniazid"
"TX005758","13674-87-8","TDCPP"
"TX005767","53-43-0","Dehydroepiandrosterone"
"TX005779","1300-73-8","Dimethylaniline"
"TX005790","72-33-3","Mestranol"
"TX005795","80-26-2","alpha-Terpinyl acetate"
"TX005797","120-14-9","Veratraldehyde"
"TX005815","552-30-7","Trimellitic anhydride"
"TX005817","2016-57-1","1-Decanamine"
"TX005828","117-08-8","Tetrachlorophthalic anhydride"
"TX005850","111991-09-4","Nicosulfuron"
"TX005887","2439-01-2","Chinomethionate"
"TX005921","14351-66-7","Sodium abietate"
"TX005927","63-42-3","Lactose"
"TX005945","23779-32-0","1-[3-(Triethoxysilyl)propyl]urea"
"TX005947","107-51-7","Octamethyltrisiloxane"
"TX005971","2761-24-2","Triethoxypentylsilane"
"TX005975","81741-28-8","Tributyltetradecylphosphonium chloride"
"TX005983","1559-35-9","2-(2-Ethylhexyloxy)ethanol"
"TX006035","58430-94-7","3,5,5-Trimethylhexyl acetate"
"TX006045","68555-86-2","Acid Orange 156"
"TX006050","17418-58-5","C.I. Disperse Red 60"
"TX006056","21739-91-3","Cytembena"
"TX006091","120-56-9","Triethylene glycol dibenzoate"
"TX006093","15046-75-0","Sodium 2-methylbenzenesulfonate"
"TX006101","67786-14-5","Acid Red 337"
"TX006105","126-92-1","Sodium ethasulfate"
"TX006121","1825-21-4","Pentachloroanisole"
"TX006129","95266-40-3","Trinexapac-ethyl"
"TX006139","23564-06-9","Thiophanate"
"TX006143","139340-56-0","Darbufelone mesylate"
"TX006145","221246-12-4","Fandosentan potassium salt"
"TX006146","145742-28-5","CP-122721"
"TX006147","186392-65-4","Ingliforib"
"TX006153","149062-75-9","PharmaGSID_47259"
"TX006155","207736-05-8","CI-1029"
"TX006157","171866-31-2","CP-283097"
"TX006160","NOCAS_47267","CP-642931"
"TX006163","676116-04-4","PD 0343701"
"TX006174","368832-42-2","CP-728663"
"TX006177","123122-55-4","Candoxatril"
"TX006179","203942-49-8","UK-337312"
"TX006180","215297-27-1","UK-343664"
"TX006183","NOCAS_47292","PD 0200347"
"TX006194","NOCAS_47305","CP-608039"
"TX006198","162706-14-1","UK-156819"
"TX006199","461023-63-2","Aplaviroc hydrochloride"
"TX006200","180084-01-9","SB236057A"
"TX006201","184653-84-7","Carabersat"
"TX006202","NOCAS_47325","SB413217A"
"TX006203","NOCAS_47311","GSK163929B"
"TX006204","200940-23-4","SB243213A"
"TX006205","97322-87-7","Troglitazone"
"TX006206","139149-55-6","SB202235"
"TX006207","196808-45-4","Farglitazar"
"TX006208","263553-33-9","GW473178E methyl benzene sulphonic acid"
"TX006209","864283-48-7","GSK232420A"
"TX006210","219790-72-4","SB281832"
"TX006211","444610-91-7","PharmaGSID_47315"
"TX006212","313994-79-5","MK-578"
"TX006217","181640-09-5","SR144190"
"TX006218","264618-44-2","SSR146977"
"TX006220","159138-81-5","Cariporide mesylate"
"TX006225","NOCAS_47351","SSR240612"
"TX006226","NOCAS_47353","SSR241586"
"TX006229","288104-79-0","Surinabant"
"TX006230","439687-69-1","Nelivaptan"
"TX006238","344930-95-6","SSR69071"
"TX006239","221671-62-1","SR146131"
"TX006241","478263-98-8","AVE3295"
"TX006243","862243-29-6","AVE9423"
"TX006244","648917-13-9","AVE2865"
"TX006246","NOCAS_47379","SSR126768"
"TX006248","NOCAS_47383","AVE3247"
"TX006249","NOCAS_47385","SAR377142"
"TX006251","NOCAS_47389","SAR150640"
"TX006255","851916-42-2","MK-812"
"TX006256","1061517-62-1","PharmaGSID_47337"
"TX006299","65277-42-1","Ketoconazole"
"TX006301","75330-75-5","Lovastatin"
"TX006303","59-05-2","Methotrexate"
"TX006305","81131-70-6","Pravastatin sodium"
"TX006393","NOCAS_47349","AVE8488"
"TX006416","NOCAS_47381","AVE8923"
"TX006525","219714-96-2","Penoxsulam"
"TX006533","21564-17-0","2-(Thiocyanomethylthio)benzothiazole"
"TX006534","98886-44-3","Fosthiazate"
"TX006537","119515-38-7","Icaridin"
"TX006551","1114-71-2","Pebulate"
"TX006553","64700-56-7","Triclopyr-butotyl"
"TX006576","79277-27-3","Thifensulfuron-methyl"
"TX006609","137-66-6","Ascorbyl palmitate"
"TX006623","1118-92-9","N,N-Dimethyloctanamide"
"TX006631","20780-48-7","3,7-Dimethyloctan-3-yl acetate"
"TX006633","6359-90-6","C.I. Acid Yellow 34, monosodium salt"
"TX006647","58846-77-8","Decyl beta-D-glucopyranoside"
"TX006656","17230-88-5","Danazol"
"TX006663","2491-38-5","2-Bromo-4-hydroxyacetophenone"
"TX006673","51229-78-8","Chloroallyl methenamine chloride"
"TX006695","94-91-7","N,N'-Disalicylidene-1,2-diaminopropane"
"TX006699","35691-65-7","1,2-Dibromo-2,4-dicyanobutane"
"TX006719","6359-82-6","Acid Yellow 11"
"TX006743","1323-38-2","Glyceryl monoricinoleate"
"TX006755","3547-33-9","2-Hydroxyethyl octyl sulfide"
"TX006763","5116-94-9","Monotridecyl phosphate"
"TX006852","83834-59-7","2-Ethylhexyl trans-4-methoxycinnamate"
"TX006872","586-62-9","Terpinolene"
"TX006874","16587-71-6","4-(tert-Pentyl)-cyclohexanone"
"TX006884","463-40-1","Linolenic acid"
"TX006887","52-76-6","Lynestrenol"
"TX006890","77-83-8","Ethyl methylphenylglycidate"
"TX006892","118-55-8","Phenyl salicylate"
"TX006897","839-90-7","Tris(2-hydroxyethyl) isocyanurate"
"TX006930","135-20-6","Cupferron"
"TX006944","143-22-6","2-[2-(2-Butoxyethoxy)ethoxy]ethanol"
"TX006949","135-88-6","N-Phenyl-2-naphthylamine"
"TX006955","624-18-0","1,4-Benzenediamine dihydrochloride"
"TX006966","15708-41-5","Ethylenediaminetetraacetic acid ferric sodium salt"
"TX006970","512-56-1","Trimethyl phosphate"
"TX007037","5394-36-5","5-Ethyl-5-methylhydantoin"
"TX007058","106-23-0","Citronellal"
"TX007122","18172-67-3","(-)-beta-Pinene"
"TX007126","33228-45-4","4-Hexylaniline"
"TX007152","540-18-1","Pentyl butyrate"
"TX007156","111-15-9","2-Ethoxyethyl acetate"
"TX007164","103055-07-8","Lufenuron"
"TX007177","7775-27-1","Sodium persulfate"
"TX007179","53-19-0","o,p'-DDD"
"TX007188","610-39-9","3,4-Dinitrotoluene"
"TX007199","612-82-8","3,3'-Dimethylbenzidine dihydrochloride"
"TX007207","97-23-4","Dichlorophen"
"TX007221","2702-72-9","2,4-D sodium salt"
"TX007227","3194-55-6","1,2,5,6,9,10-Hexabromocyclododecane"
"TX007233","55589-62-3","Acesulfame potassium"
"TX007257","683-18-1","Dibutyltin dichloride"
"TX007281","753-73-1","Dimethyltin dichloride"
"TX007287","636-21-5","2-Methylaniline hydrochloride"
"TX007304","538-75-0","Dicyclohexylcarbodiimide"
"TX007318","93-89-0","Ethyl benzoate"
"TX007350","98-53-3","4-tert-Butylcyclohexanone"
"TX007352","762-04-9","Diethyl phosphite"
"TX007354","4602-84-0","Farnesol"
"TX007366","3391-86-4","1-Octen-3-ol"
"TX007368","93-56-1","Styrene glycol"
"TX007384","88-04-0","4-Chloro-3,5-dimethylphenol"
"TX007406","58-86-6","D-Xylose"
"TX007424","88-69-7","2-Isopropylphenol"
"TX007427","638-07-3","Ethyl 4-chloro-3-oxobutanoate"
"TX007433","13676-54-5","Bismaleimide"
"TX007436","8001-54-5","Benzalkonium chloride"
"TX007439","1119-97-7","Tetradonium bromide"
"TX007460","123-00-2","4-Morpholinepropanamine"
"TX007471","122-18-9","Benzylhexadecyldimethylammonium chloride"
"TX007482","142-87-0","Sodium decyl sulfate"
"TX007494","61-73-4","Methylene blue"
"TX007496","633-96-5","C.I. Acid Orange 7"
"TX007504","5437-45-6","Benzyl bromoacetate"
"TX007522","56375-79-2","N,N-Dibutyl-N-methylbutan-1-aminium chloride"
"TX007526","3026-63-9","Sodium tridecyl sulfate"
"TX007556","5146-66-7","3,7-Dimethyl-2,6-octadienenitrile"
"TX007558","51-05-8","Procaine hydrochloride"
"TX007577","104-51-8","Butylbenzene"
"TX007602","97-52-9","2-Methoxy-4-nitroaniline"
"TX007617","98-00-0","Furfuryl alcohol"
"TX007619","87-68-3","Hexachloro-1,3-butadiene"
"TX007631","26027-38-3","Polyoxyethylene(10)nonylphenyl ether"
"TX007656","14371-10-9","(2E)-3-Phenylprop-2-enal"
"TX007663","542-92-7","1,3-Cyclopentadiene"
"TX007683","756-79-6","Dimethyl methylphosphonate"
"TX007707","770-35-4","1-Phenoxy-2-propanol"
"TX007718","140-10-3","E-Cinnamic acid"
"TX007737","114-07-8","Erythromycin"
"TX007739","3844-45-9","FD&C Blue No. 1"
"TX007768","129-17-9","Sulfan blue"
"TX007784","103-41-3","Benzyl cinnamate"
"TX007792","451-40-1","1,2-Diphenylethanone"
"TX007804","58-85-5","Biotin"
"TX007806","29836-26-8","Octyl beta-D-glucopyranoside"
"TX007832","500-38-9","Nordihydroguaiaretic acid"
"TX007859","4422-95-1","1,3,5-Benzenetricarbonyl trichloride"
"TX007874","93-08-3","2'-Acetonaphthone"
"TX008014","3737-41-5","3,3,4,4-Tetrachlorotetrahydrothiophene 1,1-dioxide"
"TX008016","5137-55-3","Methyltrioctylammonium chloride"
"TX008030","112-03-8","N,N,N-Trimethyloctadecan-1-aminium chloride"
"TX008063","827-19-0","Sodium 2,5-dimethylbenzenesulfonate"
"TX008065","533-23-3","2,4-D-ethyl ester"
"TX008067","39300-45-3","Dinocap"
"TX008069","81405-85-8","Imazamethabenz"
"TX008070","25311-71-1","Isofenphos"
"TX008073","118-47-8","Pyrazolone T"
"TX008082","973-21-7","Dinobuton"
"TX008087","13301-61-6","C.I. Disperse Orange 37"
"TX008138","116-66-5","1,1,3,3,5-Pentamethyl-4,6-dinitro-2,3-dihydro-1H-indene"
"TX008142","102-96-5","beta-Nitrostyrene"
"TX008320","110-91-8","Morpholine"
"TX008321","602-01-7","2,3-Dinitrotoluene"
"TX008326","94-80-4","2,4-D 1-butyl ester"
"TX008364","1072-15-7","Sulfuric acid, monononyl ester, sodium salt"
"TX008383","70-30-4","Hexachlorophene"
"TX008388","25496-72-4","Glyceryl monooleate"
"TX008392","553-70-8","Magnesium dibenzoate"
"TX008400","6359-98-4","C.I. Acid Yellow 17, disodium salt"
"TX008408","5700-49-2","1,2-Ethanediamine dihydriodide"
"TX008414","28159-98-0","Cybutryne"
"TX008416","26644-46-2","Triforine"
"TX008424","1323-19-9","Sodium triisopropyl naphthalene sulfonate"
"TX008428","125116-23-6","Metconazole"
"TX008434","30399-84-9","Isooctadecanoic acid"
"TX008436","104-43-8","4-Dodecylphenol"
"TX008450","126-72-7","Tris(2,3-dibromopropyl) phosphate"
"TX008467","27193-86-8","Dodecylphenol"
"TX008471","2807-30-9","2-Propoxyethanol"
"TX008567","13826-35-2","3-Phenoxybenzenemethanol"
"TX008581","3268-49-3","3-(Methylthio)propanal"
"TX008599","94-46-2","Isopentyl benzoate"
"TX008620","98-06-6","tert-Butylbenzene"
"TX008642","110-27-0","Isopropyl tetradecanoic acid"
"TX008655","5333-42-6","2-Octyl-1-dodecanol"
"TX008670","1163-19-5","Decabromodiphenyl oxide"
"TX008673","616-45-5","2-Pyrrolidinone"
"TX008685","112-14-1","Octyl acetate"
"TX008690","3524-68-3","Pentaerythritol triacrylate"
"TX008698","3118-97-6","C.I. Solvent Orange 7"
"TX008704","13048-33-4","1,6-Hexanediol diacrylate"
"TX008707","8000-41-7","Terpineol"
"TX008715","2078-54-8","Propofol"
"TX008724","1067-53-4","Tris(2-methoxyethoxy)vinylsilane"
"TX008726","1760-24-3","N-[3-(Trimethoxysilyl)propyl]ethane-1,2-diamine"
"TX008731","612-83-9","3,3'-Dichlorobenzidine dihydrochloride"
"TX008734","78491-02-8","Diazolidinyl urea"
"TX008744","112-80-1","Oleic acid"
"TX008746","120-51-4","Benzyl benzoate"
"TX008759","2409-55-4","2-tert-Butyl-4-methylphenol"
"TX008763","583-78-8","2,5-Dichlorophenol"
"TX008765","556-52-5","Glycidol"
"TX008768","10016-20-3","alpha-Cyclodextrin"
"TX008800","860-22-0","C.I. Acid Blue 74"
"TX008808","18794-84-8","trans-beta-Farnesene"
"TX008831","112-07-2","2-Butoxyethyl acetate"
"TX008835","57-10-3","Hexadecanoic acid"
"TX008837","50-81-7","L-Ascorbic acid"
"TX008849","104-66-5","1,2-Diphenoxyethane"
"TX008863","7011-83-8","Dihydrojasmone lactone"
"TX008879","15214-89-8","2-Acrylamido-2-methyl-1-propanesulfonic acid"
"TX008884","3252-43-5","Dibromoacetonitrile"
"TX008911","1646-87-3","Aldicarb sulfoxide"
"TX008940","156-10-5","4-Nitrosodiphenylamine"
"TX008967","103-09-3","2-Ethylhexyl acetate"
"TX008996","142-16-5","Bis(2-ethylhexyl) maleate"
"TX009003","103-11-7","2-Ethylhexyl acrylate"
"TX009007","78-69-3","3,7-Dimethyl-3-octanol"
"TX009019","39236-46-9","Imidazolidinyl urea"
"TX009031","140-49-8","4'-(Chloroacetyl)acetanilide"
"TX009035","102-06-7","1,3-Diphenylguanidine"
"TX009041","94-18-8","Benzylparaben"
"TX009051","630-56-8","Hydroxyprogesterone caproate"
"TX009063","51580-86-0","Sodium dichloro-s-triazinetrione dihydrate"
"TX009065","480-40-0","Chrysin"
"TX009067","142-04-1","Aniline hydrochloride"
"TX009070","13292-46-1","Rifampicin"
"TX009080","20265-97-8","4-Methoxyaniline hydrochloride"
"TX009091","NOCAS_47218","Sodium bisulfite, mixture of NaHSO3 and Na2S2O5"
"TX009150","8018-01-7","Mancozeb"
"TX009156","76578-14-8","Quizalofop-ethyl"
"TX009165","836-30-6","4-Nitro-N-phenylaniline"
"TX009193","73-31-4","Melatonin"
"TX009211","7659-86-1","2-Ethylhexyl sulfanylacetate"
"TX009220","23386-52-9","Dicyclohexyl sodium sulfosuccinate"
"TX009242","1459-93-4","Dimethyl isophthalate"
"TX009245","111-20-6","Decanedioic acid"
"TX009258","271-89-6","2,3-Benzofuran"
"TX009272","550-44-7","N-Methylphthalimide"
"TX009281","919-30-2","3-Aminopropyltriethoxysilane"
"TX009285","960-71-4","Triphenylborane"
"TX009307","112-35-6","2-[2-(2-Methoxyethoxy)ethoxy]ethanol"
"TX009310","111-11-5","Methyl octanoate"
"TX009349","110-42-9","Methyl decanoate"
"TX009353","112-55-0","1-Dodecanethiol"
"TX009384","1212-29-9","N,N'-Dicyclohexylthiourea"
"TX009389","6789-88-4","Hexyl benzoate"
"TX009393","112-60-7","Tetraethylene glycol"
"TX009405","94-60-0","Dimethyl hexahydroterephthalate"
"TX009413","90823-38-4","Denatonium saccharide"
"TX009419","98319-26-7","Finasteride"
"TX009434","111-27-3","1-Hexanol"
"TX009469","108-39-4","m-Cresol"
"TX009478","112-18-5","N,N-Dimethyldodecan-1-amine"
"TX009480","16219-75-3","5-Ethylidene-2-norbornene"
"TX009482","298-07-7","Bis(2-ethylhexyl) phosphate"
"TX009484","90-72-2","2,4,6-Tris(dimethylaminomethyl)phenol"
"TX009499","96-18-4","1,2,3-Trichloropropane"
"TX009515","108-94-1","Cyclohexanone"
"TX009542","107-46-0","Hexamethyldisiloxane"
"TX009546","112-63-0","Methyl linoleate"
"TX009562","109-52-4","Pentanoic acid"
"TX009566","68515-48-0","DINP branched"
"TX009571","75-07-0","Acetaldehyde"
"TX009582","9016-87-9","Polymethylene polyphenyl isocynate"
"TX009588","868-85-9","Dimethyl hydrogen phosphite"
"TX009604","57-14-7","1,1-Dimethylhydrazine"
"TX009641","103-65-1","Propylbenzene"
"TX009652","1330-78-5","Tricresyl phosphate"
"TX009662","108-38-3","1,3-Dimethylbenzene"
"TX009664","644-97-3","Phenyl phosphorus dichloride"
"TX009710","1675-54-3","Bisphenol A diglycidyl ether"
"TX009720","50-14-6","Ergocalciferol"
"TX009736","56-95-1","Chlorhexidine diacetate"
"TX009742","553-26-4","4,4'-Bipyridine"
"TX009750","13463-41-7","Zinc pyrithione"
"TX009766","520-36-5","Apigenin"
"TX009790","67485-29-4","Hydramethylnon"
"TX009792","58-18-4","17-Methyltestosterone"
"TX009802","66357-35-5","Ranitidine"
"TX009808","9004-82-4","Sodium lauryl polyoxyethylene ether sulfate"
"TX009816","119-07-3","Octyl decyl phthalate"
"TX009828","16079-88-2","Bromo-3-chloro-5,5-dimethylhydantoin"
"TX009841","127-39-9","Sodium 1,4-diisobutyl sulfosuccinate"
"TX009862","68959-20-6","Disiquonium chloride"
"TX009864","79-57-2","Oxytetracycline"
"TX009872","105-53-3","Diethyl propanedioate"
"TX009893","1120-04-3","Octadecyl sulfate sodium salt"
"TX009907","3653-48-3","MCPA-sodium"
"TX009943","26447-10-9","Ammonium xylene sulfonate"
"TX009957","53219-21-9","Dihydromyrcenol"
"TX009977","2782-57-2","Troclosene"
"TX009987","115-95-7","Linalyl acetate"
"TX010001","474-86-2","Equilin"
"TX010009","2392-39-4","Dexamethasone sodium phosphate"
"TX010035","66575-29-9","Forskolin"
"TX010052","989-38-8","Rhodamine 6G"
"TX010056","1241-94-7","2-Ethylhexyl diphenyl phosphate"
"TX010068","118-56-9","3,3,5-Trimethylcyclohexyl salicylate"
"TX010069","25152-84-5","(E,E)-2,4-Decadienal"
"TX010111","6379-73-3","Carvacryl methyl ether"
"TX010112","2465-27-2","Auramine hydrochloride"
"TX010165","85507-79-5","Phthalic acid, diundecyl ester, branched and linear"
"TX010177","68515-75-3","Hexanedioic acid, di-C7-9-branched and linear alkyl esters"
"TX010183","98730-04-2","Benoxacor"
"TX010199","1638-22-8","4-Butylphenol"
"TX010202","13473-26-2","D&C Red 27"
"TX010217","13684-63-4","Phenmedipham"
"TX010228","64359-81-5","4,5-Dichloro-2-octyl-3(2H)-isothiazolone"
"TX010235","10081-67-1","4-(2-Phenylpropan-2-yl)-N-[4-(2-phenylpropan-2-yl)phenyl]aniline"
"TX010291","77-06-5","Gibberellic acid"
"TX010297","29122-68-7","Atenolol"
"TX010299","491-80-5","Biochanin A"
"TX010325","144-49-0","Fluoroacetic acid"
"TX010330","16356-11-9","1,3,5-Undecatriene"
"TX010334","103-69-5","N-Ethylaniline"
"TX010353","24851-98-7","Methyl dihydrojasmonate"
"TX010357","2043-57-4","1H,1H,2H,2H-Perfluorooctyl iodide"
"TX010358","77-90-7","Acetyl tributyl citrate"
"TX010366","126-00-1","Diphenolic acid"
"TX010572","94-47-3","2-Phenylethyl benzoate"
"TX010870","1763-23-1","PFOS"
"TX010993","80-07-9","4,4'-Dichlorodiphenyl sulfone"
"TX011176","60-12-8","2-Phenylethanol"
"TX011208","111-62-6","Ethyl oleate"
"TX011231","123-96-6","2-Octanol"
"TX011236","54464-57-2","1-(2,3,8,8-Tetramethyl-1,2,3,4,5,6,7,8-octahydronaphthalen-2-yl)ethanone"
"TX011250","645-56-7","4-Propylphenol"
"TX011264","58-56-0","Pyridoxine hydrochloride"
"TX011276","124-19-6","Nonanal"
"TX011349","123-05-7","2-Ethylhexanal"
"TX011371","118-82-1","4,4'-Methylenebis(2,6-di-t-butylphenol)"
"TX011414","124-03-8","Ethylhexadecyldimethylammonium bromide"
"TX011420","111-70-6","1-Heptanol"
"TX011425","121-39-1","Ethyl 3-phenylglycidate"
"TX011469","111-55-7","1,2-Ethanediol diacetate"
"TX011482","134-31-6","8-Hydroxyquinoline sulfate"
"TX011545","37764-25-3","Dichlormid"
"TX011564","105-21-5","1,4-Heptanolide"
"TX011571","112-31-2","Decanal"
"TX011613","85532-75-8","PK 11195"
"TX011622","117428-22-5","Picoxystrobin"
"TX011625","54-62-6","4-Aminofolic acid"
"TX011630","41481-66-7","4,4'-Sulfonylbis[2-(prop-2-en-1-yl)phenol]"
"TX011636","NOCAS_47394","Grinstad Soft-N-Safe"
"TX011638","4449-51-8","Cyclopamine"
"TX011660","NOCAS_48176","YM218"
"TX011664","151506-44-4","FR140423"
"TX011720","1095-90-5","Methadone hydrochloride"
"TX011877","3173-72-6","1,5-Naphthalene diisocyanate"
"TX011879","98105-99-8","Sarafloxacin"
"TX011884","509-34-2","C.I. Solvent Red 49"
"TX011886","101-67-7","4,4'-Dioctyldiphenylamine"
"TX011893","78-98-8","Methyl glyoxal"
"TX011894","123-02-4","1-Phenyltridecane"
"TX011903","41484-35-9","Thioethylene glycol bis(3,5-di-tert-butyl-4-hydroxyhydrocinnamate)"
"TX011905","94-86-0","2-Ethoxy-5-(1-propenyl)phenol"
"TX011910","596-03-2","4',5'-Dibromofluorescein"
"TX012209","66-81-9","Cycloheximide"
"TX012211","521-18-6","5alpha-Dihydrotestosterone"
"TX012263","NOCAS_48514","PharmaGSID_48514"
"TX012264","NOCAS_48518","PharmaGSID_48518"
"TX012265","825643-57-0","PharmaGSID_48513"
"TX012266","107071-66-9","Ro 23-7637"
"TX012267","625114-41-2","Piragliatin"
"TX012268","NOCAS_48516","PharmaGSID_48516"
"TX012269","686756-87-6","PharmaGSID_48519"
"TX012270","1191914-21-2","PharmaGSID_48521"
"TX012271","NOCAS_48509","PharmaGSID_48509"
"TX012272","NOCAS_48505","PharmaGSID_48505"
"TX012273","588941-45-1","PharmaGSID_48506"
"TX012274","460081-99-6","PharmaGSID_48510"
"TX012275","NOCAS_48507","PharmaGSID_48507"
"TX012276","1062243-51-9","PharmaGSID_48511"
"TX012277","2481-94-9","C.I. Solvent Yellow 56"
"TX012279","29548-30-9","Farnesyl acetate"
"TX012284","4221-68-5","1,1-Bis(3-cyclohexyl-4-hydroxyphenyl)cyclohexane"
"TX012286","90982-32-4","Chlorimuron-ethyl"
"TX012287","70630-17-0","Metalaxyl-M"
"TX012290","563-04-2","Tri-m-tolyl phosphate"
"TX012291","135590-91-9","Mefenpyr-diethyl"
"TX012293","930-55-2","N-Nitrosopyrrolidine"
"TX012294","26896-20-8","Neodecanoic acid"
"TX012295","108419-33-6","Acetic acid, C8-10-branched alkyl esters, C9-rich"
"TX012297","4553-62-2","2-Methylpentanedinitrile"
"TX012299","111-40-0","Diethylenetriamine"
"TX012300","1333-39-7","Phenolsulfonic acid"
"TX012301","10042-59-8","2-Propyl-1-heptanol"
"TX012302","108-32-7","Propylene carbonate"
"TX012303","9016-00-6","Polydimethylsiloxane"
"TX012304","116-02-9","3,3,5-Trimethylcyclohexanol"
"TX012305","13254-34-7","2,6-Dimethyl-2-heptanol"
"TX012306","104-45-0","4-Propylanisole"
"TX012307","94-96-2","2-Ethyl-1,3-hexanediol"
"TX012308","127-19-5","N,N-Dimethylacetamide"
"TX012309","75-50-3","Trimethylamine"
"TX012310","68-11-1","Thioglycolic acid"
"TX012311","89-87-2","1,3-Dimethyl-4-nitrobenzene"
"TX012312","7773-06-0","Ammonium sulfamate"
"TX012325","8018-01-7","Mancozeb"
"TX012337","79-97-0","3,3'-Dimethylbisphenol A"
"TX012340","50-65-7","Niclosamide"
"TX012521","712-50-5","Cyclohexylphenylketone"
"TX012537","67-30-1","Tetrac"
"TX012553","NOCAS_48522","HMR1171 trifluoroacetate (1:1)"
"TX012554","129298-91-5","TNP-470"
"TX012606","2971-36-0","2,2-Bis(4-hydroxyphenyl)-1,1,1-trichloroethane"
"TX012611","52806-53-8","Hydroxyflutamide"
"TX012622","639-58-7","Triphenyltin chloride"
"TX012623","121-54-0","Benzethonium chloride"
"TX012627","1939-36-2","Trimethylenediaminetetraacetic acid"
"TX012628","17354-14-2","1,4-Bis(butylamino)anthracene-9,10-dione"
"TX012631","10022-28-3","1,1-Dimethoxyoctane"
"TX012641","239110-15-7","Fluopicolide"
"TX012643","163515-14-8","Dimethenamid-P"
"TX012645","1885-29-6","2-Aminobenzonitrile"
"TX012646","2114-11-6","Allyl carbamate"
"TX012647","5405-41-4","Ethyl 3-hydroxybutyrate"
"TX012648","105-90-8","Geranyl propionate"
"TX012649","1879-09-0","6-tert-Butyl-2,4-dimethylphenol"
"TX012651","3648-21-3","Diheptyl phthalate"
"TX012652","106-32-1","Ethyl octanoate"
"TX012653","135-02-4","2-Methoxybenzaldehyde"
"TX012654","452-58-4","2,3-Diaminopyridine"
"TX012655","4856-95-5","Borane - morpholine complex"
"TX012656","1609-47-8","Diethyl dicarbonate"
"TX012657","108-74-7","Hexahydro-1,3,5-trimethyl-1,3,5-triazine"
"TX012658","109-08-0","2-Methylpyrazine"
"TX012659","150-19-6","3-Methoxyphenol"
"TX012660","140-53-4","4-Chlorophenylacetonitrile"
"TX012670","78-30-8","Tri-o-cresyl phosphate"
"TX013433","54686-97-4","Bis(p-methylbenzylidene)sorbitol"
"TX013434","92-44-4","2,3-Dihydroxynaphthalene"
"TX013435","85-22-3","2,3,4,5,6-Pentabromoethylbenzene"
"TX013437","122931-48-0","Rimsulfuron"
"TX013438","110553-27-0","2-Methyl-4,6-bis[(octylthio)methyl]phenol"
"TX013448","927-62-8","1-Butanamine, N,N-dimethyl-"
"TX013465","763-32-6","3-Methylbut-3-en-1-ol"
"TX013466","700-13-0","2,3,5-Trimethylhydroquinone"
"TX013470","78-97-7","Lactonitrile"
"TX013472","81-30-1","Naphthalene-1,8:4,5-tetracarboxylic dianhydride"
"TX013474","719-59-5","2-Amino-5-chlorobenzophenone"
"TX013481","693-54-9","2-Decanone"
"TX013482","626-60-8","3-Chloropyridine"
"TX013484","6117-91-5","But-2-en-1-ol"
"TX013494","93-53-8","Hydratropaldehyde"
"TX013499","87-91-2","Diethyl L-tartrate"
"TX013505","5888-33-5","Isobornyl acrylate"
"TX013506","7005-72-3","1-Chloro-4-phenoxybenzene"
"TX013507","75980-60-8","Diphenyl(2,4,6-trimethylbenzoyl)phosphine oxide"
"TX013508","626-39-1","1,3,5-Tribromobenzene"
"TX013510","56-37-1","Benzyltriethylammonium chloride"
"TX013511","95-56-7","2-Bromophenol"
"TX013520","98-02-2","2-Furylmethanethiol"
"TX013522","65-71-4","Thymine"
"TX013526","86-98-6","4,7-Dichloroquinoline"
"TX013527","92-91-1","4'-Acetylbiphenyl"
"TX013532","86-28-2","9-Ethylcarbazole"
"TX013536","603-36-1","Triphenylstibine"
"TX013537","20662-14-0","Scandium chloride hexahydrate"
"TX013540","821-48-7","Bis(2-chloroethyl)amine hydrochloride"
"TX013541","6283-25-6","2-Chloro-5-nitroaniline"
"TX013542","79-07-2","Acetamide, 2-chloro-"
"TX013543","827-94-1","2,6-Dibromo-4-nitroaniline"
"TX013544","716-79-0","2-Phenylbenzimidazole"
"TX013546","5977-14-0","3-Oxobutanamide"
"TX013549","120983-64-4","Pyrasulfotole metabolite (SXX 0665)"
"TX013550","569-64-2","Malachite green"
"TX013551","81-61-8","Quinalizarin"
"TX013553","67-71-0","Dimethyl sulfone"
"TX013554","687-47-8","(L)-(-)-Ethyl lactate"
"TX013555","615-20-3","2-Chlorobenzothiazole"
"TX013557","60-01-5","Glycerol tributyrate"
"TX013560","619-73-8","4-Nitrobenzyl alcohol"
"TX013563","626-64-2","4-Pyridinol"
"TX013565","5655-61-8","(-)Bronyl acetate"
"TX013566","31482-56-1","C.I. Disperse Orange 25"
"TX013567","707-61-9","2,3-Dihydro-4-methyl-1-phenyl-1H-phosphole 1-oxide"
"TX013571","611-59-6","1,7-Dimethylxanthine"
"TX013573","1207-12-1","4,6-Dimethyldibenzothiophene"
"TX013575","6358-53-8","C.I. Solvent Red 80"
"TX013576","5949-05-3","(S)-(-)-Citronellal"
"TX013577","6174-86-3","3-Chloro-7-hydroxy-4-methyl-2-benzopyrone"
"TX013578","21679-31-2","Chromium(III) acetylacetonate"
"TX013582","623-33-6","Ethyl glycinate hydrochloride"
"TX013594","93-52-7","1,2-dibromo(phenyl)ethane"
"TX013608","6175-45-7","2,2-Diethoxyacetophenone"
"TX013610","35958-30-6","Phenol, 2,2'-ethylidenebis[4,6-bis(1,1-dimethylethyl)-"
"TX013738","87-13-8","Diethyl ethoxymethylenemalonate"
"TX013755","873-32-5","2-Chlorobenzonitrile"
"TX013756","82-44-0","1-Chloroanthraquinone"
"TX013761","1672-46-4","Digoxigenin"
"TX013772","99129-21-2","Clethodim"
"TX013775","76-83-5","Trityl chloride"
"TX013776","89-75-8","2,4-Dichlorobenzoyl chloride"
"TX014251","10061-01-5","(Z)-Dichloropropene"
"TX014271","68844-77-9","Astemizole"
"TX014272","147526-32-7","Pitavastatin calcium"
"TX014277","143201-11-0","Cerivastatin sodium"
"TX014279","142-29-0","Cyclopentene"
"TX014280","111-34-2","Butyl vinyl ether"
"TX014281","100-43-6","4-Vinylpyridine"
"TX014344","142-19-8","Prop-2-en-1-yl heptanoate"
"TX014346","76703-62-3","gamma-Cyhalothrin"
"TX014347","243973-20-8","Pinoxaden"
"TX014349","97-89-2","Citronellyl isobutyrate"
"TX014357","108-31-6","2,5-Furandione"
"TX014358","4719-04-4","1,3,5-Triazine-1,3,5(2H,4H,6H)-triethanol"
"TX014360","64091-91-4","4-(N-Methyl-N-nitrosamino)-1-(3-pyridyl)-1-butanone"
"TX014362","584-03-2","1,2-Butanediol"
"TX014364","55179-31-2","Bitertanol"
"TX014377","171118-09-5","Metolachlor ESA"
"TX014380","18015-76-4","C.I. Basic Green 4 oxalate (1:x)"
"TX014392","1319-77-3","Cresol"
"TX014396","7492-66-2","Citral diethyl acetal"
"TX014401","51384-51-1","Metoprolol"
"TX014402","20120-33-6","Phosphonic acid, (3-((hydroxymethyl)amino)-3-oxopropyl)-, dimethyl ester"
"TX014404","76014-81-8","4-(Methylnitrosamino)-1-(3-pyridyl)-1-butanol"
"TX014415","832-69-9","1-Methyl phenanthrene"
"TX014418","147150-35-4","Cloransulam-methyl"
"TX014419","5742-17-6","2,4-D, isopropylamine salt"
"TX014430","3697-42-5","Chlorhexidine dihydrochloride"
"TX014455","54-31-9","Furosemide"
"TX014482","67762-27-0","Alcohols, C16-18"
"TX014486","187022-11-3","Acetochlor ESA"
"TX014500","142-92-7","Hexyl acetate"
"TX014518","108-89-4","4-Methylpyridine"
"TX014524","2499-95-8","Hexyl acrylate"
"TX014540","503-74-2","Isovaleric acid"
"TX014554","2835-39-4","Allyl isovalerate"
"TX014584","106-36-5","Propyl propionate"
"TX014586","108-03-2","1-Nitropropane"
"TX014610","110-93-0","6-Methyl-5-hepten-2-one"
"TX014614","111-85-3","1-Chlorooctane"
"TX014626","56-75-7","Chloramphenicol"
"TX014641","97-86-9","Isobutyl methacrylate"
"TX014644","1135-66-6","(-)-Isolongifolene"
"TX014648","52663-68-0","2,2',3,4',5,5',6-Heptachloro-1,1'-biphenyl"
"TX014654","473-55-2","Pinane"
"TX014671","6842-15-5","1-Propene, tetramer"
"TX014674","462-95-3","Diethoxymethane"
"TX014675","544-01-4","Isoamyl ether"
"TX014676","3388-04-3","beta-(3,4-Epoxycyclohexyl)ethyltrimethoxysilane"
"TX014677","23726-91-2","(E)-beta-Damascone"
"TX014678","121-72-2","N,N,3-Trimethylaniline"
"TX014679","108-48-5","2,6-Dimethylpyridine"
"TX014680","2680-03-7","N,N-Dimethylacrylamide"
"TX014681","10416-59-8","N,O-bis(Trimethylsilyl)acetamide"
"TX014686","107-70-0","4-Methoxy-4-methyl-2-pentanone"
"TX014712","526-73-8","1,2,3-Trimethylbenzene"
"TX014713","115-18-4","2-Methyl-3-buten-2-ol"
"TX014714","17557-23-2","Neopentyl glycol diglycidyl ether"
"TX014715","109-97-7","Pyrrole"
"TX014716","108-87-2","Methylcyclohexane"
"TX014717","104-90-5","5-Ethyl-2-methylpyridine"
"TX014718","123-15-9","2-Methylpentanal"
"TX014719","110-01-0","Tetrahydrothiophene"
"TX014720","16529-56-9","2-Methyl-3-butenenitrile"
"TX014721","135-98-8","sec-Butylbenzene"
"TX014722","498-81-7","Dihydro-alpha-terpineol"
"TX014723","103-28-6","Benzyl 2-methylpropanoate"
"TX014724","141-93-5","1,3-Diethylbenzene"
"TX014725","122-73-6","Benzyl 3-methylbutyl ether"
"TX014726","150-46-9","Boric acid, triethyl ester"
"TX014727","102-85-2","Tributyl phosphite"
"TX014728","3852-09-3","Methyl 3-methoxypropionate"
"TX014729","16409-43-1","4-Methyl-2-(2-methylprop-1-en-1-yl)tetrahydro-2H-pyran"
"TX014730","175178-82-2","Tyrphostin"
"TX014741","5131-66-8","1-Butoxy-2-propanol"
"TX014752","98-29-3","4-tert-Butylcatechol"
"TX014760","126-75-0","Demeton-S"
"TX014765","212141-51-0","Vatalanib dihydrochloride"
"TX014768","826-36-8","2,2,6,6-Tetramethyl-4-piperidone"
"TX014774","646-06-0","1,3-Dioxolane"
"TX014823","50-33-9","Phenylbutazone"
"TX014824","504-63-2","1,3-Propanediol"
"TX014830","1747-60-0","2-Amino-6-methoxybenzothiazole"
"TX014832","487-68-3","2,4,6-Trimethylbenzaldehyde"
"TX014833","3120-74-9","3-Methyl-4-(methylthio)phenol"
"TX014835","17420-30-3","Benzonitrile, 2-amino-5-nitro-"
"TX014837","2497-06-5","Disulfoton sulfone"
"TX014839","464-48-2","(1S)-(-)-Camphor"
"TX014843","23128-74-7","Antioxidant 1098"
"TX014844","23696-85-7","Damascenone"
"TX014845","33693-04-8","Terbumeton"
"TX014846","2859-67-8","3-(3-Pyridyl)-1-propanol"
"TX014847","2032-65-7","Methiocarb"
"TX014848","139968-49-3","Metaflumizone"
"TX014850","1656-48-0","3,3'-Oxydipropionitrile"
"TX014853","540-38-5","4-Iodophenol"
"TX014854","NOCAS_57890","Anti-OP-18/Stathmin antibody produced in rabbit"
"TX014855","56070-16-7","Terbufos sulfone"
"TX014856","1139-30-6","(-)Carophyllene oxide"
"TX014857","551-93-9","2'-Aminoacetophenone"
"TX014858","2588-04-7","Phorate sulfone"
"TX014859","144-74-1","Sulfathiazole sodium"
"TX014860","103-26-4","Methyl cinnamate"
"TX014861","122-01-0","4-Chlorobenzoyl chloride"
"TX014862","1885-14-9","Phenyl carbonochloridate"
"TX014863","123-56-8","Succinimide"
"TX014864","120-21-8","4-(Diethylamino)benzaldehyde"
"TX014865","4584-49-0","2-Chloropropyldimethylamine hydrochloride"
"TX014866","2479-46-1","1,3-Bis(4-aminophenoxy)benzene"
"TX014867","14024-18-1","Iron(III) acetylacetonate"
"TX014868","110-75-8","2-Chloroethyl vinyl ether"
"TX014869","105-31-7","Hex-1-yn-3-ol"
"TX014870","496-11-7","Indan"
"TX014871","2426-54-2","2-(Diethylamino)ethyl acrylate"
"TX014872","1752-30-3","Acetone thiosemicarbazide"
"TX014873","141-91-3","2,6-Dimethyl morpholine"
"TX014874","116-17-6","Tripropan-2-yl phosphite"
"TX014875","103-56-0","3-Phenylprop-2-en-1-yl propanoate"
"TX014876","14938-35-3","4-Pentylphenol"
"TX014877","17321-47-0","O,O-Dimethyl phosphoramidothioate"
"TX014878","136-85-6","5-Methyl-1H-benzotriazole"
"TX014879","111-31-9","1-Hexanethiol"
"TX014880","3068-00-6","1,2,4-Butanetriol"
"TX014881","130-15-4","1,4-Naphthoquinone"
"TX014882","1489-69-6","Cyclopropanecarboxaldehyde"
"TX014883","319-86-8","delta-Hexachlorocyclohexane"
"TX014884","213464-77-8","Orthosulfamuron"
"TX014885","53-41-8","Androsterone"
"TX014886","1678-91-7","Ethylcyclohexane"
"TX014887","1885-38-7","(2E)-3-Phenylprop-2-enenitrile"
"TX014888","3277-26-7","1,1,3,3-Tetramethyldisiloxane"
"TX014889","121-87-9","2-Chloro-4-nitroaniline"
"TX014890","2402-78-0","2,6-Dichloropyridine"
"TX014891","134-85-0","4-Chlorobenzophenone"
"TX014892","2648-61-5","2,2-Dichloro-1-phenylethanone"
"TX014893","140939-17-9","Alachlor sec-oxanilic acid sodium salt"
"TX014894","35045-02-4","Metribuzin-DA"
"TX014896","152019-73-3","Metolachlor OA"
"TX014897","56507-37-0","Diketometribuzin"
"TX014898","506-68-3","Cyanogen bromide"
"TX014901","301-00-8","Methyl linolenate"
"TX014902","19721-22-3","3-Mercapto-1-propanol"
"TX014903","50-69-1","D-Ribose"
"TX014904","13963-57-0","Aluminum trisacetoacetate"
"TX014905","100-25-4","1,4-Dinitrobenzene"
"TX014906","1470-94-6","Indan-5-ol"
"TX014907","17754-90-4","4-(Diethylamino)salicylaldehyde"
"TX014908","13183-79-4","1-N-Methyl-5-thiotetrazole"
"TX014909","15059-52-6","Dysprosium(III) chloride hexahydrate"
"TX014910","10482-56-1","(L)-alpha-Terpineol"
"TX014911","109-04-6","2-Bromopyridine"
"TX014912","1100-88-5","Benzyltriphenylphosphonium chloride"
"TX014913","2832-40-8","C.I. Disperse Yellow 3"
"TX014914","364-76-1","4-Fluoro-3-nitroaniline"
"TX014915","4584-46-7","(2-Chloroethyl)dimethylamine hydrochloride"
"TX014916","1121-78-4","6-Methyl-3-hydroxypyridine"
"TX014917","13759-92-7","Europium(III) chloride hexahydrate"
"TX014918","16867-04-2","3-Hydroxy-2-pyridone"
"TX014919","131-52-2","Sodium pentachlorophenate"
"TX014920","13080-86-9","4,4'-(Isopropylidenebis(4,1-phenyleneoxy))dianiline"
"TX014921","142-08-5","2-Pyridone"
"TX014922","112-29-8","1-Bromodecane"
"TX014923","104-82-5","4-Methylbenzyl chloride"
"TX014924","90325-47-6","1,2,3-Hexanetriol"
"TX014925","24683-00-9","2-Isobutyl-3-methoxypyrazine"
"TX014926","124-05-0","1,2-Bis((chlorocarbonyl)oxy)ethane"
"TX014927","106-58-1","1,4-Dimethylpiperazine"
"TX014928","109-78-4","3-Hydroxypropanenitrile"
"TX014929","104-72-3","Decylbenzene"
"TX014930","100-80-1","3-Methylstyrene"
"TX014931","1569-60-4","6-Methylhept-5-en-2-ol"
"TX014932","111-43-3","Propyl ether"
"TX014962","95-69-2","4-Chloro-2-methylaniline"
"TX014970","495-18-1","N-Hydroxybenzamide"
"TX014971","700-06-1","Indole-3-carbinol"
"TX014985","134-32-7","1-Naphthylamine"
"TX014994","1469-48-3","cis-1,2,3,6-Tetrahydrophthalimide"
"TX015088","57018-04-9","Tolclofos-methyl"
"TX015102","89415-87-2","1,3-Dichloro-5-ethyl-5-methylhydantoin"
"TX015108","3064-70-8","Bis(trichloromethyl)sulfone"
"TX015116","193-39-5","Indeno(1,2,3-cd)pyrene"
"TX015122","61949-77-7","trans-Permethrin"
"TX015165","110-52-1","1,4-Dibromobutane"
"TX015169","115-84-4","2-Butyl-2-ethyl-1,3-propanediol"
"TX015170","513-86-0","Acetoin"
"TX015183","19660-16-3","2,3-Dibromopropyl acrylate"
"TX015192","611-14-3","1-Ethyl-2-methylbenzene"
"TX015203","3006-93-7","N,N'-1,3-Phenylenedimaleimide"
"TX015208","16484-77-8","Mecoprop-P"
"TX015215","5103-71-9","cis-Chlordane"
"TX015217","61949-76-6","1RS cis-Permethrin"
"TX015224","3424-82-6","o,p'-DDE"
"TX015226","91-67-8","N,N-Diethyl-m-toluidine"
"TX015239","5103-74-2","gamma-Chlordane"
"TX015272","140939-15-7","Alachlor ESA, sodium salt"
"TX015277","85721-33-1","Ciprofloxacin"
"TX015309","78-62-6","Diethoxy(dimethyl)silane"
"TX015310","78-77-3","1-Bromo-2-methylpropane"
"TX015311","80-48-8","Methyl toluene-4-sulphonate"
"TX015312","83-56-7","1,5-Dihydroxynaphthalene"
"TX015313","874-90-8","4-Anisonitrile"
"TX015314","88-10-8","Diethylcarbamoyl chloride"
"TX015315","89-61-2","1,4-Dichloro-2-nitrobenzene"
"TX015317","91-10-1","2,6-Dimethoxyphenol"
"TX015319","58654-67-4","2-Octanone, 5-methyl-"
"TX015320","589-66-2","2-Methylpropyl but-2-enoate"
"TX015321","591-12-8","alpha-Angelica lactone"
"TX015322","609-23-4","2,4,6-Triiodophenol"
"TX015324","619-50-1","Methyl p-nitrobenzoate"
"TX015325","6358-09-4","2-Amino-6-chloro-4-nitrophenol"
"TX015326","6440-58-0","1,3-Dimethylol-5,5-dimethylhydantoin"
"TX015358","84-58-2","2,3-Dichloro-5,6-dicyano-p-benzoquinone"
"TX015359","79-30-1","2-Methylpropanoyl chloride"
"TX015360","868-57-5","Methyl 2-methylbutyrate"
"TX015362","93-16-3","4-Prop-1-enylveratrole"
"TX015363","5694-00-8","Glycidamide"
"TX015364","96-54-8","1-Methylpyrrole"
"TX015366","627-30-5","3-Chloro-1-propanol"
"TX015367","616-47-7","1-Methylimidazole"
"TX015370","617-89-0","Furfurylamine"
"TX015371","622-45-7","Cyclohexyl acetate"
"TX015372","609-66-5","2-Chlorobenzamide"
"TX015373","763-29-1","2-Methylpent-1-ene"
"TX015374","767-00-0","4-Hydroxybenzonitrile"
"TX015375","7786-61-0","2-Methoxy-4-vinylphenol"
"TX015376","78-46-6","Dibutyl butylphosphonate"
"TX015377","643-28-7","2-Isopropylaniline"
"TX015378","591-22-0","3,5-Dimethylpyridine"
"TX015379","635-22-3","4-Chloro-3-nitroaniline"
"TX015381","64436-13-1","Arsenobetaine"
"TX015382","6843-66-9","Dimethoxy(diphenyl)silane"
"TX015383","122454-29-9","Tralopyril"
"TX015384","580-51-8","3-Phenylphenol"
"TX015386","75389-89-8","Diethylmethylbenzenediamine"
"TX015389","87-41-2","Phthalide"
"TX015390","79-09-4","Propionic acid"
"TX015391","628-81-9","1-Ethoxybutane"
"TX015392","109293-97-2","Diflufenzopyr"
"TX015393","20018-09-1","Diiodomethyl 4-methylphenyl sulfone"
"TX015394","2051-62-9","4-Chlorobiphenyl"
"TX015396","874-60-2","p-Toluoyl chloride"
"TX015397","565-80-0","2,4-Dimethylpentan-3-one"
"TX015398","1942-71-8","2-(4-tert-Butylphenoxy)cyclohexan-1-ol"
"TX015405","612-12-4","1,2-Bis(chloromethyl)benzene"
"TX015406","615-13-4","1,3-Dihydro-2H-inden-2-one"
"TX015407","626-48-2","6-Methyluracil"
"TX015527","3634-83-1","1,3-Bis(isocyanatomethyl)benzene"
"TX1012716","126-30-7","2,2-Dimethylpropane-1,3-diol"
"TX1012717","61-82-5","Amitrole"
"TX1012721","684-93-5","N-Nitroso-N-methylurea"
"TX1012726","123-77-3","Azodicarbonamide"
"TX1012735","6610-29-3","N-Methylhydrazinecarbothioamide"
"TX101701","124-09-4","1,6-Hexanediamine"
"TX101787","111-49-9","Hexamethyleneimine"
"TX103292","122-78-1","Phenylacetaldehyde"
"TX109150","8018-01-7","Mancozeb"
"TX110870","1763-23-1","PFOS"
"TX112294","26896-20-8","Neodecanoic acid"
"TX112302","108-32-7","Propylene carbonate"
"TX112325","8018-01-7","Mancozeb"
"TX209150","8018-01-7","Mancozeb"
"TX210870","1763-23-1","PFOS"
"TX212325","8018-01-7","Mancozeb"
