gene_id,entrez_gene_id,official_full_name,gene_name,official_symbol,gene_symbol,description,uniprot_accession_number,organism_id,track_status
1,25,"ABL proto-oncogene 1, non-receptor tyrosine kinase","ABL proto-oncogene 1, non-receptor tyrosine kinase",ABL1,ABL1,NULL,P00519,1,live
2,43,"acetylcholinesterase (Yt blood group)","acetylcholinesterase (Yt blood group)",ACHE,ACHE,NULL,P22303,1,live
3,47,"ATP citrate lyase","ATP citrate lyase",ACLY,ACLY,NULL,P53396,1,live
4,51,"acyl-CoA oxidase 1, palmitoyl","acyl-CoA oxidase 1, palmitoyl",ACOX1,ACOX1,NULL,Q15067,1,live
5,52,"acid phosphatase 1, soluble","acid phosphatase 1, soluble",ACP1,ACP1,NULL,P24666,1,live
6,59,"actin, alpha 2, smooth muscle, aorta","actin, alpha 2, smooth muscle, aorta",ACTA2,ACTA2,NULL,P62736,1,live
7,60,"actin, beta","actin, beta",ACTB,ACTB,NULL,P60709,1,live
8,123,"perilipin 2","perilipin 2",PLIN2,PLIN2,NULL,Q99541,1,live
9,132,"adenosine kinase","adenosine kinase",ADK,ADK,NULL,P55263,1,live
10,134,"adenosine A1 receptor","adenosine A1 receptor",ADORA1,ADORA1,NULL,P30542,1,live
11,135,"adenosine A2a receptor","adenosine A2a receptor",ADORA2A,ADORA2A,NULL,P29274,1,live
12,142,"poly (ADP-ribose) polymerase 1","poly (ADP-ribose) polymerase 1",PARP1,PARP1,NULL,P09874,1,live
13,150,"adrenoceptor alpha 2A","adrenoceptor alpha 2A",ADRA2A,ADRA2A,NULL,P08913,1,live
14,152,"adrenoceptor alpha 2C","adrenoceptor alpha 2C",ADRA2C,ADRA2C,NULL,P18825,1,live
15,153,"adrenoceptor beta 1","adrenoceptor beta 1",ADRB1,ADRB1,NULL,P08588,1,live
16,154,"adrenoceptor beta 2, surface","adrenoceptor beta 2, surface",ADRB2,ADRB2,NULL,P07550,1,live
17,155,"adrenoceptor beta 3","adrenoceptor beta 3",ADRB3,ADRB3,NULL,P13945,1,live
18,174,alpha-fetoprotein,alpha-fetoprotein,AFP,AFP,NULL,P02771,1,live
19,185,"angiotensin II receptor, type 1","angiotensin II receptor, type 1",AGTR1,AGTR1,NULL,P30556,1,live
20,190,"nuclear receptor subfamily 0, group B, member 1","nuclear receptor subfamily 0, group B, member 1",NR0B1,NR0B1,NULL,P51843,1,live
21,196,"aryl hydrocarbon receptor","aryl hydrocarbon receptor",AHR,AHR,NULL,P35869,1,live
22,207,"v-akt murine thymoma viral oncogene homolog 1","v-akt murine thymoma viral oncogene homolog 1",AKT1,AKT1,NULL,P31749,1,live
23,208,"v-akt murine thymoma viral oncogene homolog 2","v-akt murine thymoma viral oncogene homolog 2",AKT2,AKT2,NULL,P31751,1,live
24,250,"alkaline phosphatase, placental","alkaline phosphatase, placental",ALPP,ALPP,NULL,P05187,1,live
25,354,"kallikrein-related peptidase 3","kallikrein-related peptidase 3",KLK3,KLK3,NULL,P07288,1,live
26,355,"Fas cell surface death receptor","Fas cell surface death receptor",FAS,FAS,NULL,P25445,1,live
27,367,"androgen receptor","androgen receptor",AR,AR,NULL,P10275,1,live
28,409,"arrestin, beta 2","arrestin, beta 2",ARRB2,ARRB2,NULL,P32121,1,live
29,552,"arginine vasopressin receptor 1A","arginine vasopressin receptor 1A",AVPR1A,AVPR1A,NULL,P37288,1,live
30,572,"BCL2-associated agonist of cell death","BCL2-associated agonist of cell death",BAD,BAD,NULL,Q92934,1,live
31,581,"BCL2-associated X protein","BCL2-associated X protein",BAX,BAX,NULL,Q07812,1,live
32,590,butyrylcholinesterase,butyrylcholinesterase,BCHE,BCHE,NULL,P06276,1,live
33,595,"cyclin D1","cyclin D1",CCND1,CCND1,NULL,P24385,1,live
34,596,"B-cell CLL/lymphoma 2","B-cell CLL/lymphoma 2",BCL2,BCL2,NULL,P10415,1,live
35,637,"BH3 interacting domain death agonist","BH3 interacting domain death agonist",BID,BID,NULL,P55957,1,live
36,695,"Bruton agammaglobulinemia tyrosine kinase","Bruton agammaglobulinemia tyrosine kinase",BTK,BTK,NULL,Q06187,1,live
37,706,"translocator protein (18kDa)","translocator protein (18kDa)",TSPO,TSPO,NULL,P30536,1,live
38,728,"complement component 5a receptor 1","complement component 5a receptor 1",C5AR1,C5AR1,NULL,P21730,1,live
39,834,"caspase 1, apoptosis-related cysteine peptidase","caspase 1, apoptosis-related cysteine peptidase",CASP1,CASP1,NULL,P29466,1,live
40,835,"caspase 2, apoptosis-related cysteine peptidase","caspase 2, apoptosis-related cysteine peptidase",CASP2,CASP2,NULL,P42575,1,live
41,836,"caspase 3, apoptosis-related cysteine peptidase","caspase 3, apoptosis-related cysteine peptidase",CASP3,CASP3,NULL,P42574,1,live
42,837,"caspase 4, apoptosis-related cysteine peptidase","caspase 4, apoptosis-related cysteine peptidase",CASP4,CASP4,NULL,P49662,1,live
43,838,"caspase 5, apoptosis-related cysteine peptidase","caspase 5, apoptosis-related cysteine peptidase",CASP5,CASP5,NULL,P51878,1,live
44,841,"caspase 8, apoptosis-related cysteine peptidase","caspase 8, apoptosis-related cysteine peptidase",CASP8,CASP8,NULL,Q14790,1,live
45,843,"caspase 10, apoptosis-related cysteine peptidase","caspase 10, apoptosis-related cysteine peptidase",CASP10,CASP10,NULL,Q92851,1,live
46,847,catalase,catalase,CAT,CAT,NULL,P04040,1,live
47,894,"cyclin D2","cyclin D2",CCND2,CCND2,NULL,P30279,1,live
48,952,"CD38 molecule","CD38 molecule",CD38,CD38,NULL,P28907,1,live
49,958,"CD40 molecule, TNF receptor superfamily member 5","CD40 molecule, TNF receptor superfamily member 5",CD40,CD40,NULL,P25942,1,live
50,969,"CD69 molecule","CD69 molecule",CD69,CD69,NULL,Q07108,1,live
51,983,"cyclin-dependent kinase 1","cyclin-dependent kinase 1",CDK1,CDK1,NULL,P06493,1,live
52,995,"cell division cycle 25C","cell division cycle 25C",CDC25C,CDC25C,NULL,P30307,1,live
53,999,"cadherin 1, type 1, E-cadherin (epithelial)","cadherin 1, type 1, E-cadherin (epithelial)",CDH1,CDH1,NULL,P12830,1,live
54,1003,"cadherin 5, type 2 (vascular endothelium)","cadherin 5, type 2 (vascular endothelium)",CDH5,CDH5,NULL,P33151,1,live
55,1017,"cyclin-dependent kinase 2","cyclin-dependent kinase 2",CDK2,CDK2,NULL,P24941,1,live
56,1021,"cyclin-dependent kinase 6","cyclin-dependent kinase 6",CDK6,CDK6,NULL,Q00534,1,live
57,1026,"cyclin-dependent kinase inhibitor 1A (p21, Cip1)","cyclin-dependent kinase inhibitor 1A (p21, Cip1)",CDKN1A,CDKN1A,NULL,P38936,1,live
58,1051,"CCAAT/enhancer binding protein (C/EBP), beta","CCAAT/enhancer binding protein (C/EBP), beta",CEBPB,CEBPB,NULL,P17676,1,live
59,1072,"cofilin 1 (non-muscle)","cofilin 1 (non-muscle)",CFL1,CFL1,NULL,P23528,1,live
60,1111,"checkpoint kinase 1","checkpoint kinase 1",CHEK1,CHEK1,NULL,O14757,1,live
61,1128,"cholinergic receptor, muscarinic 1","cholinergic receptor, muscarinic 1",CHRM1,CHRM1,NULL,P11229,1,live
62,1129,"cholinergic receptor, muscarinic 2","cholinergic receptor, muscarinic 2",CHRM2,CHRM2,NULL,P08172,1,live
63,1131,"cholinergic receptor, muscarinic 3","cholinergic receptor, muscarinic 3",CHRM3,CHRM3,NULL,P20309,1,live
64,1132,"cholinergic receptor, muscarinic 4","cholinergic receptor, muscarinic 4",CHRM4,CHRM4,NULL,P08173,1,live
65,1133,"cholinergic receptor, muscarinic 5","cholinergic receptor, muscarinic 5",CHRM5,CHRM5,NULL,P08912,1,live
66,1135,"cholinergic receptor, nicotinic, alpha 2 (neuronal)","cholinergic receptor, nicotinic, alpha 2 (neuronal)",CHRNA2,CHRNA2,NULL,Q15822,1,live
67,1147,"conserved helix-loop-helix ubiquitous kinase","conserved helix-loop-helix ubiquitous kinase",CHUK,CHUK,NULL,O15111,1,live
68,1241,"leukotriene B4 receptor","leukotriene B4 receptor",LTB4R,LTB4R,NULL,Q15722,1,live
69,1244,"ATP-binding cassette, sub-family C (CFTR/MRP), member 2","ATP-binding cassette, sub-family C (CFTR/MRP), member 2",ABCC2,ABCC2,NULL,Q92887,1,live
70,1281,"collagen, type III, alpha 1","collagen, type III, alpha 1",COL3A1,COL3A1,NULL,P02461,1,live
71,1432,"mitogen-activated protein kinase 14","mitogen-activated protein kinase 14",MAPK14,MAPK14,NULL,Q16539,1,live
72,1435,"colony stimulating factor 1 (macrophage)","colony stimulating factor 1 (macrophage)",CSF1,CSF1,NULL,P09603,1,live
73,1436,"colony stimulating factor 1 receptor","colony stimulating factor 1 receptor",CSF1R,CSF1R,NULL,P07333,1,live
74,1452,"casein kinase 1, alpha 1","casein kinase 1, alpha 1",CSNK1A1,CSNK1A1,NULL,P48729,1,live
75,1453,"casein kinase 1, delta","casein kinase 1, delta",CSNK1D,CSNK1D,NULL,P48730,1,live
76,1457,"casein kinase 2, alpha 1 polypeptide","casein kinase 2, alpha 1 polypeptide",CSNK2A1,CSNK2A1,NULL,Q8NEV1,1,live
77,1543,"cytochrome P450, family 1, subfamily A, polypeptide 1","cytochrome P450, family 1, subfamily A, polypeptide 1",CYP1A1,CYP1A1,NULL,P04798,1,live
78,1544,"cytochrome P450, family 1, subfamily A, polypeptide 2","cytochrome P450, family 1, subfamily A, polypeptide 2",CYP1A2,CYP1A2,NULL,P05177,1,live
79,1545,"cytochrome P450, family 1, subfamily B, polypeptide 1","cytochrome P450, family 1, subfamily B, polypeptide 1",CYP1B1,CYP1B1,NULL,Q16678,1,live
80,1548,"cytochrome P450, family 2, subfamily A, polypeptide 6","cytochrome P450, family 2, subfamily A, polypeptide 6",CYP2A6,CYP2A6,NULL,P11509,1,live
81,1551,"cytochrome P450, family 3, subfamily A, polypeptide 7","cytochrome P450, family 3, subfamily A, polypeptide 7",CYP3A7,CYP3A7,NULL,P24462,1,live
82,1555,"cytochrome P450, family 2, subfamily B, polypeptide 6","cytochrome P450, family 2, subfamily B, polypeptide 6",CYP2B6,CYP2B6,NULL,P20813,1,live
83,1557,"cytochrome P450, family 2, subfamily C, polypeptide 19","cytochrome P450, family 2, subfamily C, polypeptide 19",CYP2C19,CYP2C19,NULL,P33261,1,live
84,1558,"cytochrome P450, family 2, subfamily C, polypeptide 8","cytochrome P450, family 2, subfamily C, polypeptide 8",CYP2C8,CYP2C8,NULL,P10632,1,live
85,1559,"cytochrome P450, family 2, subfamily C, polypeptide 9","cytochrome P450, family 2, subfamily C, polypeptide 9",CYP2C9,CYP2C9,NULL,P11712,1,live
86,1562,"cytochrome P450, family 2, subfamily C, polypeptide 18","cytochrome P450, family 2, subfamily C, polypeptide 18",CYP2C18,CYP2C18,NULL,P33260,1,live
87,1565,"cytochrome P450, family 2, subfamily D, polypeptide 6","cytochrome P450, family 2, subfamily D, polypeptide 6",CYP2D6,CYP2D6,NULL,P10635,1,live
88,1571,"cytochrome P450, family 2, subfamily E, polypeptide 1","cytochrome P450, family 2, subfamily E, polypeptide 1",CYP2E1,CYP2E1,NULL,P05181,1,live
89,1573,"cytochrome P450, family 2, subfamily J, polypeptide 2","cytochrome P450, family 2, subfamily J, polypeptide 2",CYP2J2,CYP2J2,NULL,P51589,1,live
90,1576,"cytochrome P450, family 3, subfamily A, polypeptide 4","cytochrome P450, family 3, subfamily A, polypeptide 4",CYP3A4,CYP3A4,NULL,P08684,1,live
91,1577,"cytochrome P450, family 3, subfamily A, polypeptide 5","cytochrome P450, family 3, subfamily A, polypeptide 5",CYP3A5,CYP3A5,NULL,P20815,1,live
92,1579,"cytochrome P450, family 4, subfamily A, polypeptide 11","cytochrome P450, family 4, subfamily A, polypeptide 11",CYP4A11,CYP4A11,NULL,Q02928,1,live
93,1581,"cytochrome P450, family 7, subfamily A, polypeptide 1","cytochrome P450, family 7, subfamily A, polypeptide 1",CYP7A1,CYP7A1,NULL,P22680,1,live
94,1588,"cytochrome P450, family 19, subfamily A, polypeptide 1","cytochrome P450, family 19, subfamily A, polypeptide 1",CYP19A1,CYP19A1,NULL,P11511,1,live
95,1591,"cytochrome P450, family 24, subfamily A, polypeptide 1","cytochrome P450, family 24, subfamily A, polypeptide 1",CYP24A1,CYP24A1,NULL,Q07973,1,live
96,1647,"growth arrest and DNA-damage-inducible, alpha","growth arrest and DNA-damage-inducible, alpha",GADD45A,GADD45A,NULL,P24522,1,live
97,1649,"DNA-damage-inducible transcript 3","DNA-damage-inducible transcript 3",DDIT3,DDIT3,NULL,P35638,1,live
98,1728,"NAD(P)H dehydrogenase, quinone 1","NAD(P)H dehydrogenase, quinone 1",NQO1,NQO1,NULL,P15559,1,live
99,1812,"dopamine receptor D1","dopamine receptor D1",DRD1,DRD1,NULL,P21728,1,live
100,1813,"dopamine receptor D2","dopamine receptor D2",DRD2,DRD2,NULL,P14416,1,live
101,1815,"dopamine receptor D4","dopamine receptor D4",DRD4,DRD4,NULL,P21917,1,live
102,1845,"dual specificity phosphatase 3","dual specificity phosphatase 3",DUSP3,DUSP3,NULL,P51452,1,live
103,1859,"dual-specificity tyrosine-(Y)-phosphorylation regulated kinase 1A","dual-specificity tyrosine-(Y)-phosphorylation regulated kinase 1A",DYRK1A,DYRK1A,NULL,Q13627,1,live
104,1869,"E2F transcription factor 1","E2F transcription factor 1",E2F1,E2F1,NULL,Q01094,1,live
105,1909,"endothelin receptor type A","endothelin receptor type A",EDNRA,EDNRA,NULL,P25101,1,live
106,1910,"endothelin receptor type B","endothelin receptor type B",EDNRB,EDNRB,NULL,P24530,1,live
107,1950,"epidermal growth factor","epidermal growth factor",EGF,EGF,NULL,P01133,1,live
108,1956,"epidermal growth factor receptor","epidermal growth factor receptor",EGFR,EGFR,NULL,P00533,1,live
109,1958,"early growth response 1","early growth response 1",EGR1,EGR1,NULL,P18146,1,live
110,1969,"EPH receptor A2","EPH receptor A2",EPHA2,EPHA2,NULL,P29317,1,live
111,1991,"elastase, neutrophil expressed","elastase, neutrophil expressed",ELANE,ELANE,NULL,P08246,1,live
112,2030,"solute carrier family 29 (equilibrative nucleoside transporter), member 1","solute carrier family 29 (equilibrative nucleoside transporter), member 1",SLC29A1,SLC29A1,NULL,Q99808,1,live
113,2041,"EPH receptor A1","EPH receptor A1",EPHA1,EPHA1,NULL,P21709,1,live
114,2047,"EPH receptor B1","EPH receptor B1",EPHB1,EPHB1,NULL,P54762,1,live
115,2048,"EPH receptor B2","EPH receptor B2",EPHB2,EPHB2,NULL,P29323,1,live
116,2063,"nuclear receptor subfamily 2, group F, member 6","nuclear receptor subfamily 2, group F, member 6",NR2F6,NR2F6,NULL,P10588,1,live
117,2099,"estrogen receptor 1","estrogen receptor 1",ESR1,ESR1,NULL,P03372,1,live
118,2100,"estrogen receptor 2 (ER beta)","estrogen receptor 2 (ER beta)",ESR2,ESR2,NULL,Q92731,1,live
119,2101,"estrogen-related receptor alpha","estrogen-related receptor alpha",ESRRA,ESRRA,NULL,P11474,1,live
120,2103,"estrogen-related receptor beta","estrogen-related receptor beta",ESRRB,ESRRB,NULL,O95718,1,live
121,2104,"estrogen-related receptor gamma","estrogen-related receptor gamma",ESRRG,ESRRG,NULL,P62508,1,live
122,2113,"v-ets avian erythroblastosis virus E26 oncogene homolog 1","v-ets avian erythroblastosis virus E26 oncogene homolog 1",ETS1,ETS1,NULL,P14921,1,live
123,2152,"coagulation factor III (thromboplastin, tissue factor)","coagulation factor III (thromboplastin, tissue factor)",F3,F3,NULL,P13726,1,live
124,2168,"fatty acid binding protein 1, liver","fatty acid binding protein 1, liver",FABP1,FABP1,NULL,P07148,1,live
125,2194,"fatty acid synthase","fatty acid synthase",FASN,FASN,NULL,P49327,1,live
126,2260,"fibroblast growth factor receptor 1","fibroblast growth factor receptor 1",FGFR1,FGFR1,NULL,P11362,1,live
127,2261,"fibroblast growth factor receptor 3","fibroblast growth factor receptor 3",FGFR3,FGFR3,NULL,P22607,1,live
128,2280,"FK506 binding protein 1A, 12kDa","FK506 binding protein 1A, 12kDa",FKBP1A,FKBP1A,NULL,P62942,1,live
129,2308,"forkhead box O1","forkhead box O1",FOXO1,FOXO1,NULL,Q12778,1,live
130,2309,"forkhead box O3","forkhead box O3",FOXO3,FOXO3,NULL,O43524,1,live
131,2321,"fms-related tyrosine kinase 1","fms-related tyrosine kinase 1",FLT1,FLT1,NULL,P17948,1,live
132,2324,"fms-related tyrosine kinase 4","fms-related tyrosine kinase 4",FLT4,FLT4,NULL,P35916,1,live
133,2328,"flavin containing monooxygenase 3","flavin containing monooxygenase 3",FMO3,FMO3,NULL,P31513,1,live
134,2353,"FBJ murine osteosarcoma viral oncogene homolog","FBJ murine osteosarcoma viral oncogene homolog",FOS,FOS,NULL,P01100,1,live
135,2494,"nuclear receptor subfamily 5, group A, member 2","nuclear receptor subfamily 5, group A, member 2",NR5A2,NR5A2,NULL,O00482,1,live
136,2516,"nuclear receptor subfamily 5, group A, member 1","nuclear receptor subfamily 5, group A, member 1",NR5A1,NR5A1,NULL,Q13285,1,live
137,2534,"FYN proto-oncogene, Src family tyrosine kinase","FYN proto-oncogene, Src family tyrosine kinase",FYN,FYN,NULL,P06241,1,live
138,2597,"glyceraldehyde-3-phosphate dehydrogenase","glyceraldehyde-3-phosphate dehydrogenase",GAPDH,GAPDH,NULL,P04406,1,live
139,2623,"GATA binding protein 1 (globin transcription factor 1)","GATA binding protein 1 (globin transcription factor 1)",GATA1,GATA1,NULL,P15976,1,live
140,2649,"nuclear receptor subfamily 6, group A, member 1","nuclear receptor subfamily 6, group A, member 1",NR6A1,NR6A1,NULL,Q15406,1,live
141,2670,"glial fibrillary acidic protein","glial fibrillary acidic protein",GFAP,GFAP,NULL,P14136,1,live
142,2729,"glutamate-cysteine ligase, catalytic subunit","glutamate-cysteine ligase, catalytic subunit",GCLC,GCLC,NULL,P48506,1,live
143,2730,"glutamate-cysteine ligase, modifier subunit","glutamate-cysteine ligase, modifier subunit",GCLM,GCLM,NULL,P48507,1,live
144,2735,"GLI family zinc finger 1","GLI family zinc finger 1",GLI1,GLI1,NULL,P08151,1,live
145,2908,"nuclear receptor subfamily 3, group C, member 1 (glucocorticoid receptor)","nuclear receptor subfamily 3, group C, member 1 (glucocorticoid receptor)",NR3C1,NR3C1,NULL,P04150,1,live
146,2932,"glycogen synthase kinase 3 beta","glycogen synthase kinase 3 beta",GSK3B,GSK3B,NULL,P49841,1,live
147,2939,"glutathione S-transferase alpha 2","glutathione S-transferase alpha 2",GSTA2,GSTA2,NULL,P09210,1,live
148,2947,"glutathione S-transferase mu 3 (brain)","glutathione S-transferase mu 3 (brain)",GSTM3,GSTM3,NULL,P21266,1,live
149,3014,"H2A histone family, member X","H2A histone family, member X",H2AFX,H2AFX,NULL,P16104,1,live
150,3020,"H3 histone, family 3A","H3 histone, family 3A",H3F3A,H3F3A,NULL,P84243,1,live
151,3082,"hepatocyte growth factor (hepapoietin A; scatter factor)","hepatocyte growth factor (hepapoietin A; scatter factor)",HGF,HGF,NULL,P14210,1,live
152,3091,"hypoxia inducible factor 1, alpha subunit (basic helix-loop-helix transcription factor)","hypoxia inducible factor 1, alpha subunit (basic helix-loop-helix transcription factor)",HIF1A,HIF1A,NULL,Q16665,1,live
153,3122,"major histocompatibility complex, class II, DR alpha","major histocompatibility complex, class II, DR alpha",HLA-DRA,HLA-DRA,NULL,P01903,1,live
154,3158,"3-hydroxy-3-methylglutaryl-CoA synthase 2 (mitochondrial)","3-hydroxy-3-methylglutaryl-CoA synthase 2 (mitochondrial)",HMGCS2,HMGCS2,NULL,P54868,1,live
155,3164,"nuclear receptor subfamily 4, group A, member 1","nuclear receptor subfamily 4, group A, member 1",NR4A1,NR4A1,NULL,P22736,1,live
156,3170,"forkhead box A2","forkhead box A2",FOXA2,FOXA2,NULL,Q9Y261,1,live
157,3172,"hepatocyte nuclear factor 4, alpha","hepatocyte nuclear factor 4, alpha",HNF4A,HNF4A,NULL,P41235,1,live
158,3174,"hepatocyte nuclear factor 4, gamma","hepatocyte nuclear factor 4, gamma",HNF4G,HNF4G,NULL,Q14541,1,live
159,3175,"one cut homeobox 1","one cut homeobox 1",ONECUT1,ONECUT1,NULL,Q9UBC0,1,live
160,3269,"histamine receptor H1","histamine receptor H1",HRH1,HRH1,NULL,P35367,1,live
161,3297,"heat shock transcription factor 1","heat shock transcription factor 1",HSF1,HSF1,NULL,Q00613,1,live
162,3303,"heat shock 70kDa protein 1A","heat shock 70kDa protein 1A",HSPA1A,HSPA1A,NULL,P08107,1,live
163,3309,"heat shock 70kDa protein 5 (glucose-regulated protein, 78kDa)","heat shock 70kDa protein 5 (glucose-regulated protein, 78kDa)",HSPA5,HSPA5,NULL,P11021,1,live
164,3356,"5-hydroxytryptamine (serotonin) receptor 2A, G protein-coupled","5-hydroxytryptamine (serotonin) receptor 2A, G protein-coupled",HTR2A,HTR2A,NULL,P28223,1,live
165,3358,"5-hydroxytryptamine (serotonin) receptor 2C, G protein-coupled","5-hydroxytryptamine (serotonin) receptor 2C, G protein-coupled",HTR2C,HTR2C,NULL,P28335,1,live
166,3359,"5-hydroxytryptamine (serotonin) receptor 3A, ionotropic","5-hydroxytryptamine (serotonin) receptor 3A, ionotropic",HTR3A,HTR3A,NULL,P46098,1,live
167,3361,"5-hydroxytryptamine (serotonin) receptor 5A, G protein-coupled","5-hydroxytryptamine (serotonin) receptor 5A, G protein-coupled",HTR5A,HTR5A,NULL,P47898,1,live
168,3362,"5-hydroxytryptamine (serotonin) receptor 6, G protein-coupled","5-hydroxytryptamine (serotonin) receptor 6, G protein-coupled",HTR6,HTR6,NULL,P50406,1,live
169,3363,"5-hydroxytryptamine (serotonin) receptor 7, adenylate cyclase-coupled","5-hydroxytryptamine (serotonin) receptor 7, adenylate cyclase-coupled",HTR7,HTR7,NULL,P34969,1,live
170,3383,"intercellular adhesion molecule 1","intercellular adhesion molecule 1",ICAM1,ICAM1,NULL,P05362,1,live
171,3479,"insulin-like growth factor 1 (somatomedin C)","insulin-like growth factor 1 (somatomedin C)",IGF1,IGF1,NULL,P05019,1,live
172,3480,"insulin-like growth factor 1 receptor","insulin-like growth factor 1 receptor",IGF1R,IGF1R,NULL,P08069,1,live
173,3484,"insulin-like growth factor binding protein 1","insulin-like growth factor binding protein 1",IGFBP1,IGFBP1,NULL,P08833,1,live
174,3552,"interleukin 1, alpha","interleukin 1, alpha",IL1A,IL1A,NULL,P01583,1,live
175,3569,"interleukin 6","interleukin 6",IL6,IL6,NULL,P05231,1,live
176,3570,"interleukin 6 receptor","interleukin 6 receptor",IL6R,IL6R,NULL,P08887,1,live
177,3576,"chemokine (C-X-C motif) ligand 8","chemokine (C-X-C motif) ligand 8",CXCL8,CXCL8,NULL,P10145,1,live
178,3627,"chemokine (C-X-C motif) ligand 10","chemokine (C-X-C motif) ligand 10",CXCL10,CXCL10,NULL,P02778,1,live
179,3643,"insulin receptor","insulin receptor",INSR,INSR,NULL,P06213,1,live
180,3659,"interferon regulatory factor 1","interferon regulatory factor 1",IRF1,IRF1,NULL,P10914,1,live
181,3667,"insulin receptor substrate 1","insulin receptor substrate 1",IRS1,IRS1,NULL,P35568,1,live
182,3717,"Janus kinase 2","Janus kinase 2",JAK2,JAK2,NULL,O60674,1,live
183,3725,"jun proto-oncogene","jun proto-oncogene",JUN,JUN,NULL,P05412,1,live
184,3757,"potassium voltage-gated channel, subfamily H (eag-related), member 2","potassium voltage-gated channel, subfamily H (eag-related), member 2",KCNH2,KCNH2,NULL,Q12809,1,live
185,3775,"potassium channel, subfamily K, member 1","potassium channel, subfamily K, member 1",KCNK1,KCNK1,NULL,O00180,1,live
186,3791,"kinase insert domain receptor (a type III receptor tyrosine kinase)","kinase insert domain receptor (a type III receptor tyrosine kinase)",KDR,KDR,NULL,P35968,1,live
187,3880,"keratin 19","keratin 19",KRT19,KRT19,NULL,P08727,1,live
188,3932,"LCK proto-oncogene, Src family tyrosine kinase","LCK proto-oncogene, Src family tyrosine kinase",LCK,LCK,NULL,P06239,1,live
189,3945,"lactate dehydrogenase B","lactate dehydrogenase B",LDHB,LDHB,NULL,P07195,1,live
190,3949,"low density lipoprotein receptor","low density lipoprotein receptor",LDLR,LDLR,NULL,P01130,1,live
191,3985,"LIM domain kinase 2","LIM domain kinase 2",LIMK2,LIMK2,NULL,P53671,1,live
192,3990,"lipase, hepatic","lipase, hepatic",LIPC,LIPC,NULL,P11150,1,live
193,3991,"lipase, hormone-sensitive","lipase, hormone-sensitive",LIPE,LIPE,NULL,Q05469,1,live
194,4023,"lipoprotein lipase","lipoprotein lipase",LPL,LPL,NULL,P06858,1,live
195,4067,"LYN proto-oncogene, Src family tyrosine kinase","LYN proto-oncogene, Src family tyrosine kinase",LYN,LYN,NULL,P07948,1,live
196,4086,"SMAD family member 1","SMAD family member 1",SMAD1,SMAD1,NULL,Q15797,1,live
197,4133,"microtubule-associated protein 2","microtubule-associated protein 2",MAP2,MAP2,NULL,P11137,1,live
198,4139,"MAP/microtubule affinity-regulating kinase 1","MAP/microtubule affinity-regulating kinase 1",MARK1,MARK1,NULL,Q9P0L2,1,live
199,4193,"MDM2 proto-oncogene, E3 ubiquitin protein ligase","MDM2 proto-oncogene, E3 ubiquitin protein ligase",MDM2,MDM2,NULL,Q00987,1,live
200,4233,"MET proto-oncogene, receptor tyrosine kinase","MET proto-oncogene, receptor tyrosine kinase",MET,MET,NULL,P08581,1,live
201,4283,"chemokine (C-X-C motif) ligand 9","chemokine (C-X-C motif) ligand 9",CXCL9,CXCL9,NULL,Q07325,1,live
202,4306,"nuclear receptor subfamily 3, group C, member 2","nuclear receptor subfamily 3, group C, member 2",NR3C2,NR3C2,NULL,P08235,1,live
203,4312,"matrix metallopeptidase 1 (interstitial collagenase)","matrix metallopeptidase 1 (interstitial collagenase)",MMP1,MMP1,NULL,P03956,1,live
204,4313,"matrix metallopeptidase 2 (gelatinase A, 72kDa gelatinase, 72kDa type IV collagenase)","matrix metallopeptidase 2 (gelatinase A, 72kDa gelatinase, 72kDa type IV collagenase)",MMP2,MMP2,NULL,P08253,1,live
205,4314,"matrix metallopeptidase 3 (stromelysin 1, progelatinase)","matrix metallopeptidase 3 (stromelysin 1, progelatinase)",MMP3,MMP3,NULL,P08254,1,live
206,4316,"matrix metallopeptidase 7 (matrilysin, uterine)","matrix metallopeptidase 7 (matrilysin, uterine)",MMP7,MMP7,NULL,P09237,1,live
207,4318,"matrix metallopeptidase 9 (gelatinase B, 92kDa gelatinase, 92kDa type IV collagenase)","matrix metallopeptidase 9 (gelatinase B, 92kDa gelatinase, 92kDa type IV collagenase)",MMP9,MMP9,NULL,P14780,1,live
208,4319,"matrix metallopeptidase 10 (stromelysin 2)","matrix metallopeptidase 10 (stromelysin 2)",MMP10,MMP10,NULL,P09238,1,live
209,4322,"matrix metallopeptidase 13 (collagenase 3)","matrix metallopeptidase 13 (collagenase 3)",MMP13,MMP13,NULL,P45452,1,live
210,4359,"myelin protein zero","myelin protein zero",MPZ,MPZ,NULL,P25189,1,live
211,4520,"metal-regulatory transcription factor 1","metal-regulatory transcription factor 1",MTF1,MTF1,NULL,Q14872,1,live
212,4602,"v-myb avian myeloblastosis viral oncogene homolog","v-myb avian myeloblastosis viral oncogene homolog",MYB,MYB,NULL,P10242,1,live
213,4609,"v-myc avian myelocytomatosis viral oncogene homolog","v-myc avian myelocytomatosis viral oncogene homolog",MYC,MYC,NULL,P01106,1,live
214,4616,"growth arrest and DNA-damage-inducible, beta","growth arrest and DNA-damage-inducible, beta",GADD45B,GADD45B,NULL,O75293,1,live
215,4751,"NIMA-related kinase 2","NIMA-related kinase 2",NEK2,NEK2,NULL,P51955,1,live
216,4774,"nuclear factor I/A","nuclear factor I/A",NFIA,NFIA,NULL,Q12857,1,live
217,4780,"nuclear factor, erythroid 2-like 2","nuclear factor, erythroid 2-like 2",NFE2L2,NFE2L2,NULL,Q16236,1,live
218,4790,"nuclear factor of kappa light polypeptide gene enhancer in B-cells 1","nuclear factor of kappa light polypeptide gene enhancer in B-cells 1",NFKB1,NFKB1,NULL,P19838,1,live
219,4886,"neuropeptide Y receptor Y1","neuropeptide Y receptor Y1",NPY1R,NPY1R,NULL,P25929,1,live
220,4887,"neuropeptide Y receptor Y2","neuropeptide Y receptor Y2",NPY2R,NPY2R,NULL,P49146,1,live
221,4899,"nuclear respiratory factor 1","nuclear respiratory factor 1",NRF1,NRF1,NULL,Q16656,1,live
222,4914,"neurotrophic tyrosine kinase, receptor, type 1","neurotrophic tyrosine kinase, receptor, type 1",NTRK1,NTRK1,NULL,P04629,1,live
223,4923,"neurotensin receptor 1 (high affinity)","neurotensin receptor 1 (high affinity)",NTSR1,NTSR1,NULL,P30989,1,live
224,4929,"nuclear receptor subfamily 4, group A, member 2","nuclear receptor subfamily 4, group A, member 2",NR4A2,NR4A2,NULL,P43354,1,live
225,4985,"opioid receptor, delta 1","opioid receptor, delta 1",OPRD1,OPRD1,NULL,P41143,1,live
226,4987,"opiate receptor-like 1","opiate receptor-like 1",OPRL1,OPRL1,NULL,P41146,1,live
227,4988,"opioid receptor, mu 1","opioid receptor, mu 1",OPRM1,OPRM1,NULL,P35372,1,live
228,5028,"purinergic receptor P2Y, G-protein coupled, 1","purinergic receptor P2Y, G-protein coupled, 1",P2RY1,P2RY1,NULL,P47900,1,live
229,5054,"serpin peptidase inhibitor, clade E (nexin, plasminogen activator inhibitor type 1), member 1","serpin peptidase inhibitor, clade E (nexin, plasminogen activator inhibitor type 1), member 1",SERPINE1,SERPINE1,NULL,P05121,1,live
230,5062,"p21 protein (Cdc42/Rac)-activated kinase 2","p21 protein (Cdc42/Rac)-activated kinase 2",PAK2,PAK2,NULL,Q13177,1,live
231,5080,"paired box 6","paired box 6",PAX6,PAX6,NULL,P26367,1,live
232,5141,"phosphodiesterase 4A, cAMP-specific","phosphodiesterase 4A, cAMP-specific",PDE4A,PDE4A,NULL,P27815,1,live
233,5163,"pyruvate dehydrogenase kinase, isozyme 1","pyruvate dehydrogenase kinase, isozyme 1",PDK1,PDK1,NULL,Q15118,1,live
234,5166,"pyruvate dehydrogenase kinase, isozyme 4","pyruvate dehydrogenase kinase, isozyme 4",PDK4,PDK4,NULL,Q16654,1,live
235,5241,"progesterone receptor","progesterone receptor",PGR,PGR,NULL,P06401,1,live
236,5243,"ATP-binding cassette, sub-family B (MDR/TAP), member 1","ATP-binding cassette, sub-family B (MDR/TAP), member 1",ABCB1,ABCB1,NULL,P08183,1,live
237,5290,"phosphatidylinositol-4,5-bisphosphate 3-kinase, catalytic subunit alpha","phosphatidylinositol-4,5-bisphosphate 3-kinase, catalytic subunit alpha",PIK3CA,PIK3CA,NULL,P42336,1,live
238,5300,"peptidylprolyl cis/trans isomerase, NIMA-interacting 1","peptidylprolyl cis/trans isomerase, NIMA-interacting 1",PIN1,PIN1,NULL,Q13526,1,live
239,5327,"plasminogen activator, tissue","plasminogen activator, tissue",PLAT,PLAT,NULL,P00750,1,live
240,5328,"plasminogen activator, urokinase","plasminogen activator, urokinase",PLAU,PLAU,NULL,P00749,1,live
241,5329,"plasminogen activator, urokinase receptor","plasminogen activator, urokinase receptor",PLAUR,PLAUR,NULL,Q03405,1,live
242,5346,"perilipin 1","perilipin 1",PLIN1,PLIN1,NULL,O60240,1,live
243,5354,"proteolipid protein 1","proteolipid protein 1",PLP1,PLP1,NULL,P60201,1,live
244,5430,"polymerase (RNA) II (DNA directed) polypeptide A, 220kDa","polymerase (RNA) II (DNA directed) polypeptide A, 220kDa",POLR2A,POLR2A,NULL,P24928,1,live
245,5451,"POU class 2 homeobox 1","POU class 2 homeobox 1",POU2F1,POU2F1,NULL,P14859,1,live
246,5457,"POU class 4 homeobox 1","POU class 4 homeobox 1",POU4F1,POU4F1,NULL,Q01851,1,live
247,5460,"POU class 5 homeobox 1","POU class 5 homeobox 1",POU5F1,POU5F1,NULL,Q01860,1,live
248,5465,"peroxisome proliferator-activated receptor alpha","peroxisome proliferator-activated receptor alpha",PPARA,PPARA,NULL,Q07869,1,live
249,5467,"peroxisome proliferator-activated receptor delta","peroxisome proliferator-activated receptor delta",PPARD,PPARD,NULL,Q03181,1,live
250,5468,"peroxisome proliferator-activated receptor gamma","peroxisome proliferator-activated receptor gamma",PPARG,PPARG,NULL,P37231,1,live
251,5494,"protein phosphatase, Mg2+/Mn2+ dependent, 1A","protein phosphatase, Mg2+/Mn2+ dependent, 1A",PPM1A,PPM1A,NULL,P35813,1,live
252,5499,"protein phosphatase 1, catalytic subunit, alpha isozyme","protein phosphatase 1, catalytic subunit, alpha isozyme",PPP1CA,PPP1CA,NULL,P62136,1,live
253,5515,"protein phosphatase 2, catalytic subunit, alpha isozyme","protein phosphatase 2, catalytic subunit, alpha isozyme",PPP2CA,PPP2CA,NULL,P67775,1,live
254,5524,"protein phosphatase 2A activator, regulatory subunit 4","protein phosphatase 2A activator, regulatory subunit 4",PPP2R4,PPP2R4,NULL,Q15257,1,live
255,5562,"protein kinase, AMP-activated, alpha 1 catalytic subunit","protein kinase, AMP-activated, alpha 1 catalytic subunit",PRKAA1,PRKAA1,NULL,Q13131,1,live
256,5566,"protein kinase, cAMP-dependent, catalytic, alpha","protein kinase, cAMP-dependent, catalytic, alpha",PRKACA,PRKACA,NULL,P17612,1,live
257,5571,"protein kinase, AMP-activated, gamma 1 non-catalytic subunit","protein kinase, AMP-activated, gamma 1 non-catalytic subunit",PRKAG1,PRKAG1,NULL,P54619,1,live
258,5590,"protein kinase C, zeta","protein kinase C, zeta",PRKCZ,PRKCZ,NULL,Q05513,1,live
259,5594,"mitogen-activated protein kinase 1","mitogen-activated protein kinase 1",MAPK1,MAPK1,NULL,P28482,1,live
260,5595,"mitogen-activated protein kinase 3","mitogen-activated protein kinase 3",MAPK3,MAPK3,NULL,P27361,1,live
261,5600,"mitogen-activated protein kinase 11","mitogen-activated protein kinase 11",MAPK11,MAPK11,NULL,Q15759,1,live
262,5601,"mitogen-activated protein kinase 9","mitogen-activated protein kinase 9",MAPK9,MAPK9,NULL,P45984,1,live
263,5728,"phosphatase and tensin homolog","phosphatase and tensin homolog",PTEN,PTEN,NULL,P60484,1,live
264,5732,"prostaglandin E receptor 2 (subtype EP2), 53kDa","prostaglandin E receptor 2 (subtype EP2), 53kDa",PTGER2,PTGER2,NULL,P43116,1,live
265,5770,"protein tyrosine phosphatase, non-receptor type 1","protein tyrosine phosphatase, non-receptor type 1",PTPN1,PTPN1,NULL,P18031,1,live
266,5771,"protein tyrosine phosphatase, non-receptor type 2","protein tyrosine phosphatase, non-receptor type 2",PTPN2,PTPN2,NULL,P17706,1,live
267,5775,"protein tyrosine phosphatase, non-receptor type 4 (megakaryocyte)","protein tyrosine phosphatase, non-receptor type 4 (megakaryocyte)",PTPN4,PTPN4,NULL,P29074,1,live
268,5777,"protein tyrosine phosphatase, non-receptor type 6","protein tyrosine phosphatase, non-receptor type 6",PTPN6,PTPN6,NULL,P29350,1,live
269,5780,"protein tyrosine phosphatase, non-receptor type 9","protein tyrosine phosphatase, non-receptor type 9",PTPN9,PTPN9,NULL,P43378,1,live
270,5781,"protein tyrosine phosphatase, non-receptor type 11","protein tyrosine phosphatase, non-receptor type 11",PTPN11,PTPN11,NULL,Q06124,1,live
271,5782,"protein tyrosine phosphatase, non-receptor type 12","protein tyrosine phosphatase, non-receptor type 12",PTPN12,PTPN12,NULL,Q05209,1,live
272,5783,"protein tyrosine phosphatase, non-receptor type 13 (APO-1/CD95 (Fas)-associated phosphatase)","protein tyrosine phosphatase, non-receptor type 13 (APO-1/CD95 (Fas)-associated phosphatase)",PTPN13,PTPN13,NULL,Q12923,1,live
273,5784,"protein tyrosine phosphatase, non-receptor type 14","protein tyrosine phosphatase, non-receptor type 14",PTPN14,PTPN14,NULL,Q15678,1,live
274,5787,"protein tyrosine phosphatase, receptor type, B","protein tyrosine phosphatase, receptor type, B",PTPRB,PTPRB,NULL,P23467,1,live
275,5788,"protein tyrosine phosphatase, receptor type, C","protein tyrosine phosphatase, receptor type, C",PTPRC,PTPRC,NULL,P08575,1,live
276,5792,"protein tyrosine phosphatase, receptor type, F","protein tyrosine phosphatase, receptor type, F",PTPRF,PTPRF,NULL,P10586,1,live
277,5797,"protein tyrosine phosphatase, receptor type, M","protein tyrosine phosphatase, receptor type, M",PTPRM,PTPRM,NULL,P28827,1,live
278,5894,"Raf-1 proto-oncogene, serine/threonine kinase","Raf-1 proto-oncogene, serine/threonine kinase",RAF1,RAF1,NULL,P04049,1,live
279,5914,"retinoic acid receptor, alpha","retinoic acid receptor, alpha",RARA,RARA,NULL,P10276,1,live
280,5915,"retinoic acid receptor, beta","retinoic acid receptor, beta",RARB,RARB,NULL,P10826,1,live
281,5916,"retinoic acid receptor, gamma","retinoic acid receptor, gamma",RARG,RARG,NULL,P13631,1,live
282,5970,"v-rel avian reticuloendotheliosis viral oncogene homolog A","v-rel avian reticuloendotheliosis viral oncogene homolog A",RELA,RELA,NULL,Q04206,1,live
283,6093,"Rho-associated, coiled-coil containing protein kinase 1","Rho-associated, coiled-coil containing protein kinase 1",ROCK1,ROCK1,NULL,Q13464,1,live
284,6095,"RAR-related orphan receptor A","RAR-related orphan receptor A",RORA,RORA,NULL,P35398,1,live
285,6096,"RAR-related orphan receptor B","RAR-related orphan receptor B",RORB,RORB,NULL,Q92753,1,live
286,6097,"RAR-related orphan receptor C","RAR-related orphan receptor C",RORC,RORC,NULL,P51449,1,live
287,6256,"retinoid X receptor, alpha","retinoid X receptor, alpha",RXRA,RXRA,NULL,P19793,1,live
288,6257,"retinoid X receptor, beta","retinoid X receptor, beta",RXRB,RXRB,NULL,P28702,1,live
289,6258,"retinoid X receptor, gamma","retinoid X receptor, gamma",RXRG,RXRG,NULL,P48443,1,live
290,6288,"serum amyloid A1","serum amyloid A1",SAA1,SAA1,NULL,P0DJI8,1,live
291,6347,"chemokine (C-C motif) ligand 2","chemokine (C-C motif) ligand 2",CCL2,CCL2,NULL,P13500,1,live
292,6390,"succinate dehydrogenase complex, subunit B, iron sulfur (Ip)","succinate dehydrogenase complex, subunit B, iron sulfur (Ip)",SDHB,SDHB,NULL,P21912,1,live
293,6401,"selectin E","selectin E",SELE,SELE,NULL,P16581,1,live
294,6403,"selectin P (granule membrane protein 140kDa, antigen CD62)","selectin P (granule membrane protein 140kDa, antigen CD62)",SELP,SELP,NULL,P16109,1,live
295,6446,"serum/glucocorticoid regulated kinase 1","serum/glucocorticoid regulated kinase 1",SGK1,SGK1,NULL,O00141,1,live
296,6530,"solute carrier family 6 (neurotransmitter transporter), member 2","solute carrier family 6 (neurotransmitter transporter), member 2",SLC6A2,SLC6A2,NULL,P23975,1,live
297,6531,"solute carrier family 6 (neurotransmitter transporter), member 3","solute carrier family 6 (neurotransmitter transporter), member 3",SLC6A3,SLC6A3,NULL,Q01959,1,live
298,6532,"solute carrier family 6 (neurotransmitter transporter), member 4","solute carrier family 6 (neurotransmitter transporter), member 4",SLC6A4,SLC6A4,NULL,P31645,1,live
299,6554,"solute carrier family 10 (sodium/bile acid cotransporter), member 1","solute carrier family 10 (sodium/bile acid cotransporter), member 1",SLC10A1,SLC10A1,NULL,Q14973,1,live
300,6580,"solute carrier family 22 (organic cation transporter), member 1","solute carrier family 22 (organic cation transporter), member 1",SLC22A1,SLC22A1,NULL,O15245,1,live
301,6656,"SRY (sex determining region Y)-box 1","SRY (sex determining region Y)-box 1",SOX1,SOX1,NULL,O00570,1,live
302,6667,"Sp1 transcription factor","Sp1 transcription factor",SP1,SP1,NULL,P08047,1,live
303,6714,"SRC proto-oncogene, non-receptor tyrosine kinase","SRC proto-oncogene, non-receptor tyrosine kinase",SRC,SRC,NULL,P12931,1,live
304,6720,"sterol regulatory element binding transcription factor 1","sterol regulatory element binding transcription factor 1",SREBF1,SREBF1,NULL,P36956,1,live
305,6774,"signal transducer and activator of transcription 3 (acute-phase response factor)","signal transducer and activator of transcription 3 (acute-phase response factor)",STAT3,STAT3,NULL,P40763,1,live
306,6790,"aurora kinase A","aurora kinase A",AURKA,AURKA,NULL,O14965,1,live
307,6822,"sulfotransferase family, cytosolic, 2A, dehydroepiandrosterone (DHEA)-preferring, member 1","sulfotransferase family, cytosolic, 2A, dehydroepiandrosterone (DHEA)-preferring, member 1",SULT2A1,SULT2A1,NULL,Q06520,1,live
308,6850,"spleen tyrosine kinase","spleen tyrosine kinase",SYK,SYK,NULL,P43405,1,live
309,6865,"tachykinin receptor 2","tachykinin receptor 2",TACR2,TACR2,NULL,P21452,1,live
310,6915,"thromboxane A2 receptor","thromboxane A2 receptor",TBXA2R,TBXA2R,NULL,P21731,1,live
311,6932,"transcription factor 7 (T-cell specific, HMG-box)","transcription factor 7 (T-cell specific, HMG-box)",TCF7,TCF7,NULL,P36402,1,live
312,6934,"transcription factor 7-like 2 (T-cell specific, HMG-box)","transcription factor 7-like 2 (T-cell specific, HMG-box)",TCF7L2,TCF7L2,NULL,Q9NQB0,1,live
313,7010,"TEK tyrosine kinase, endothelial","TEK tyrosine kinase, endothelial",TEK,TEK,NULL,Q02763,1,live
314,7020,"transcription factor AP-2 alpha (activating enhancer binding protein 2 alpha)","transcription factor AP-2 alpha (activating enhancer binding protein 2 alpha)",TFAP2A,TFAP2A,NULL,P05549,1,live
315,7021,"transcription factor AP-2 beta (activating enhancer binding protein 2 beta)","transcription factor AP-2 beta (activating enhancer binding protein 2 beta)",TFAP2B,TFAP2B,NULL,Q92481,1,live
316,7025,"nuclear receptor subfamily 2, group F, member 1","nuclear receptor subfamily 2, group F, member 1",NR2F1,NR2F1,NULL,P10589,1,live
317,7026,"nuclear receptor subfamily 2, group F, member 2","nuclear receptor subfamily 2, group F, member 2",NR2F2,NR2F2,NULL,P24468,1,live
318,7039,"transforming growth factor, alpha","transforming growth factor, alpha",TGFA,TGFA,NULL,P01135,1,live
319,7040,"transforming growth factor, beta 1","transforming growth factor, beta 1",TGFB1,TGFB1,NULL,P01137,1,live
320,7056,thrombomodulin,thrombomodulin,THBD,THBD,NULL,P07204,1,live
321,7067,"thyroid hormone receptor, alpha","thyroid hormone receptor, alpha",THRA,THRA,NULL,P10827,1,live
322,7068,"thyroid hormone receptor, beta","thyroid hormone receptor, beta",THRB,THRB,NULL,P10828,1,live
323,7069,"thyroid hormone responsive","thyroid hormone responsive",THRSP,THRSP,NULL,Q92748,1,live
324,7076,"TIMP metallopeptidase inhibitor 1","TIMP metallopeptidase inhibitor 1",TIMP1,TIMP1,NULL,P01033,1,live
325,7077,"TIMP metallopeptidase inhibitor 2","TIMP metallopeptidase inhibitor 2",TIMP2,TIMP2,NULL,Q96MC4,1,live
326,7101,"nuclear receptor subfamily 2, group E, member 1","nuclear receptor subfamily 2, group E, member 1",NR2E1,NR2E1,NULL,Q9Y466,1,live
327,7124,"tumor necrosis factor","tumor necrosis factor",TNF,TNF,NULL,P01375,1,live
328,7132,"tumor necrosis factor receptor superfamily, member 1A","tumor necrosis factor receptor superfamily, member 1A",TNFRSF1A,TNFRSF1A,NULL,P19438,1,live
329,7157,"tumor protein p53","tumor protein p53",TP53,TP53,NULL,P04637,1,live
330,7181,"nuclear receptor subfamily 2, group C, member 1","nuclear receptor subfamily 2, group C, member 1",NR2C1,NR2C1,NULL,P13056,1,live
331,7182,"nuclear receptor subfamily 2, group C, member 2","nuclear receptor subfamily 2, group C, member 2",NR2C2,NR2C2,NULL,P49116,1,live
332,7376,"nuclear receptor subfamily 1, group H, member 2","nuclear receptor subfamily 1, group H, member 2",NR1H2,NR1H2,NULL,P55055,1,live
333,7391,"upstream transcription factor 1","upstream transcription factor 1",USF1,USF1,NULL,P22415,1,live
334,7412,"vascular cell adhesion molecule 1","vascular cell adhesion molecule 1",VCAM1,VCAM1,NULL,P19320,1,live
335,7421,"vitamin D (1,25- dihydroxyvitamin D3) receptor","vitamin D (1,25- dihydroxyvitamin D3) receptor",VDR,VDR,NULL,P11473,1,live
336,7430,ezrin,ezrin,EZR,EZR,NULL,P15311,1,live
337,7494,"X-box binding protein 1","X-box binding protein 1",XBP1,XBP1,NULL,P17861,1,live
338,7535,"zeta-chain (TCR) associated protein kinase 70kDa","zeta-chain (TCR) associated protein kinase 70kDa",ZAP70,ZAP70,NULL,P43403,1,live
339,7846,"tubulin, alpha 1a","tubulin, alpha 1a",TUBA1A,TUBA1A,NULL,Q71U36,1,live
340,7852,"chemokine (C-X-C motif) receptor 4","chemokine (C-X-C motif) receptor 4",CXCR4,CXCR4,NULL,P61073,1,live
341,8013,"nuclear receptor subfamily 4, group A, member 3","nuclear receptor subfamily 4, group A, member 3",NR4A3,NR4A3,NULL,Q92570,1,live
342,8431,"nuclear receptor subfamily 0, group B, member 2","nuclear receptor subfamily 0, group B, member 2",NR0B2,NR0B2,NULL,Q15466,1,live
343,8550,"mitogen-activated protein kinase-activated protein kinase 5","mitogen-activated protein kinase-activated protein kinase 5",MAPKAPK5,MAPKAPK5,NULL,Q8IW41,1,live
344,8569,"MAP kinase interacting serine/threonine kinase 1","MAP kinase interacting serine/threonine kinase 1",MKNK1,MKNK1,NULL,Q9BUB5,1,live
345,8647,"ATP-binding cassette, sub-family B (MDR/TAP), member 11","ATP-binding cassette, sub-family B (MDR/TAP), member 11",ABCB11,ABCB11,NULL,O95342,1,live
346,8654,"phosphodiesterase 5A, cGMP-specific","phosphodiesterase 5A, cGMP-specific",PDE5A,PDE5A,NULL,O76074,1,live
347,8714,"ATP-binding cassette, sub-family C (CFTR/MRP), member 3","ATP-binding cassette, sub-family C (CFTR/MRP), member 3",ABCC3,ABCC3,NULL,O15438,1,live
348,8837,"CASP8 and FADD-like apoptosis regulator","CASP8 and FADD-like apoptosis regulator",CFLAR,CFLAR,NULL,O15519,1,live
349,8841,"histone deacetylase 3","histone deacetylase 3",HDAC3,HDAC3,NULL,O15379,1,live
350,8856,"nuclear receptor subfamily 1, group I, member 2","nuclear receptor subfamily 1, group I, member 2",NR1I2,NR1I2,NULL,O75469,1,live
351,9252,"ribosomal protein S6 kinase, 90kDa, polypeptide 5","ribosomal protein S6 kinase, 90kDa, polypeptide 5",RPS6KA5,RPS6KA5,NULL,O75582,1,live
352,9261,"mitogen-activated protein kinase-activated protein kinase 2","mitogen-activated protein kinase-activated protein kinase 2",MAPKAPK2,MAPKAPK2,NULL,P49137,1,live
353,9356,"solute carrier family 22 (organic anion transporter), member 6","solute carrier family 22 (organic anion transporter), member 6",SLC22A6,SLC22A6,NULL,Q4U2R8,1,live
354,9429,"ATP-binding cassette, sub-family G (WHITE), member 2 (Junior blood group)","ATP-binding cassette, sub-family G (WHITE), member 2 (Junior blood group)",ABCG2,ABCG2,NULL,Q9UNQ0,1,live
355,9572,"nuclear receptor subfamily 1, group D, member 1","nuclear receptor subfamily 1, group D, member 1",NR1D1,NR1D1,NULL,P20393,1,live
356,9970,"nuclear receptor subfamily 1, group I, member 3","nuclear receptor subfamily 1, group I, member 3",NR1I3,NR1I3,NULL,Q14994,1,live
357,9971,"nuclear receptor subfamily 1, group H, member 4","nuclear receptor subfamily 1, group H, member 4",NR1H4,NR1H4,NULL,Q96RI1,1,live
358,9975,"nuclear receptor subfamily 1, group D, member 2","nuclear receptor subfamily 1, group D, member 2",NR1D2,NR1D2,NULL,Q14995,1,live
359,10000,"v-akt murine thymoma viral oncogene homolog 3","v-akt murine thymoma viral oncogene homolog 3",AKT3,AKT3,NULL,Q9Y243,1,live
360,10002,"nuclear receptor subfamily 2, group E, member 3","nuclear receptor subfamily 2, group E, member 3",NR2E3,NR2E3,NULL,Q9Y5X4,1,live
361,10013,"histone deacetylase 6","histone deacetylase 6",HDAC6,HDAC6,NULL,Q9UBN7,1,live
362,10018,"BCL2-like 11 (apoptosis facilitator)","BCL2-like 11 (apoptosis facilitator)",BCL2L11,BCL2L11,NULL,O43521,1,live
363,10062,"nuclear receptor subfamily 1, group H, member 3","nuclear receptor subfamily 1, group H, member 3",NR1H3,NR1H3,NULL,Q13133,1,live
364,10298,"p21 protein (Cdc42/Rac)-activated kinase 4","p21 protein (Cdc42/Rac)-activated kinase 4",PAK4,PAK4,NULL,O96013,1,live
365,10344,"chemokine (C-C motif) ligand 26","chemokine (C-C motif) ligand 26",CCL26,CCL26,NULL,Q9Y258,1,live
366,10488,"cAMP responsive element binding protein 3","cAMP responsive element binding protein 3",CREB3,CREB3,NULL,O43889,1,live
367,10599,"solute carrier organic anion transporter family, member 1B1","solute carrier organic anion transporter family, member 1B1",SLCO1B1,SLCO1B1,NULL,Q9Y6L6,1,live
368,10846,"phosphodiesterase 10A","phosphodiesterase 10A",PDE10A,PDE10A,NULL,Q9Y233,1,live
369,10912,"growth arrest and DNA-damage-inducible, gamma","growth arrest and DNA-damage-inducible, gamma",GADD45G,GADD45G,NULL,O95257,1,live
370,12425,"cholecystokinin A receptor","cholecystokinin A receptor",Cckar,Cckar,NULL,O08786,2,live
371,12426,"cholecystokinin B receptor","cholecystokinin B receptor",Cckbr,Cckbr,NULL,P56481,2,live
372,13982,"estrogen receptor 1 (alpha)","estrogen receptor 1 (alpha)",Esr1,Esr1,NULL,P19785,2,live
373,22926,"activating transcription factor 6","activating transcription factor 6",ATF6,ATF6,NULL,P18850,1,live
374,22933,"sirtuin 2","sirtuin 2",SIRT2,SIRT2,NULL,Q8IXJ6,1,live
375,23089,"paternally expressed 10","paternally expressed 10",PEG10,PEG10,NULL,Q86TG7,1,live
376,23410,"sirtuin 3","sirtuin 3",SIRT3,SIRT3,NULL,Q9NTG7,1,live
377,23411,"sirtuin 1","sirtuin 1",SIRT1,SIRT1,NULL,Q96EB6,1,live
378,23621,"beta-site APP-cleaving enzyme 1","beta-site APP-cleaving enzyme 1",BACE1,BACE1,NULL,P56817,1,live
379,24173,"adrenoceptor alpha 1B","adrenoceptor alpha 1B",Adra1b,Adra1b,NULL,P15823,3,live
380,24174,"adrenoceptor alpha 2B","adrenoceptor alpha 2B",Adra2b,Adra2b,NULL,P19328,3,live
381,24208,"androgen receptor","androgen receptor",Ar,Ar,NULL,P15207,3,live
382,24230,"translocator protein","translocator protein",Tspo,Tspo,NULL,P16257,3,live
383,24267,catechol-O-methyltransferase,catechol-O-methyltransferase,Comt,Comt,NULL,P22734,3,live
384,24296,"cytochrome P450, family 1, subfamily a, polypeptide 1","cytochrome P450, family 1, subfamily a, polypeptide 1",Cyp1a1,Cyp1a1,NULL,P00185,3,live
385,24297,"cytochrome P450, family 1, subfamily a, polypeptide 2","cytochrome P450, family 1, subfamily a, polypeptide 2",Cyp1a2,Cyp1a2,NULL,P04799,3,live
386,24300,NULL,"cytochrome P450, family 2, subfamily b, polypeptide 1",NULL,Cyp2b1,NULL,P00176,3,live
387,24408,"glutamate receptor, ionotropic, N-methyl D-aspartate 1","glutamate receptor, ionotropic, N-methyl D-aspartate 1",Grin1,Grin1,NULL,P35439,3,live
388,24414,"glutamate receptor, metabotropic 1","glutamate receptor, metabotropic 1",Grm1,Grm1,NULL,P23385,3,live
389,24418,"glutamate receptor, metabotropic 5","glutamate receptor, metabotropic 5",Grm5,Grm5,NULL,P31424,3,live
390,24473,"5-hydroxytryptamine (serotonin) receptor 1A, G protein-coupled","5-hydroxytryptamine (serotonin) receptor 1A, G protein-coupled",Htr1a,Htr1a,NULL,P19327,3,live
391,24521,"potassium inwardly-rectifying channel, subfamily J, member 1","potassium inwardly-rectifying channel, subfamily J, member 1",Kcnj1,Kcnj1,NULL,P35560,3,live
392,24598,"nitric oxide synthase 1, neuronal","nitric oxide synthase 1, neuronal",Nos1,Nos1,NULL,P29476,3,live
393,24807,"tachykinin receptor 1","tachykinin receptor 1",Tacr1,Tacr1,NULL,P14600,3,live
394,24808,"tachykinin receptor 3","tachykinin receptor 3",Tacr3,Tacr3,NULL,P16177,3,live
395,24875,"vasoactive intestinal peptide receptor 1","vasoactive intestinal peptide receptor 1",Vipr1,Vipr1,NULL,P30083,3,live
396,24894,"cytochrome P450, family 2, subfamily a, polypeptide 1","cytochrome P450, family 2, subfamily a, polypeptide 1",Cyp2a1,Cyp2a1,NULL,P11711,3,live
397,24895,"cytochrome P450, family 2, subfamily a, polypeptide 2","cytochrome P450, family 2, subfamily a, polypeptide 2",Cyp2a2,Cyp2a2,NULL,P15149,3,live
398,24925,"adrenoceptor beta 1","adrenoceptor beta 1",Adrb1,Adrb1,NULL,P18090,3,live
399,25011,"cytochrome P450, family 2, subfamily c, polypeptide 12","cytochrome P450, family 2, subfamily c, polypeptide 12",Cyp2c12,Cyp2c12,NULL,P11510,3,live
400,25033,"somatostatin receptor 1","somatostatin receptor 1",Sstr1,Sstr1,NULL,P28646,3,live
401,25053,"cytochrome P450, family 2, subfamily d, polypeptide 2","cytochrome P450, family 2, subfamily d, polypeptide 2",Cyp2d2,Cyp2d2,NULL,P10634,3,live
402,25083,"adrenoceptor alpha 2A","adrenoceptor alpha 2A",Adra2a,Adra2a,NULL,P22909,3,live
403,25086,"cytochrome P450, family 2, subfamily e, polypeptide 1","cytochrome P450, family 2, subfamily e, polypeptide 1",Cyp2e1,Cyp2e1,NULL,P05182,3,live
404,25107,"arginine vasopressin receptor 1A","arginine vasopressin receptor 1A",Avpr1a,Avpr1a,NULL,P30560,3,live
405,25302,"cholinergic receptor, nicotinic, alpha 7 (neuronal)","cholinergic receptor, nicotinic, alpha 7 (neuronal)",Chrna7,Chrna7,NULL,Q05941,3,live
406,25342,"oxytocin receptor","oxytocin receptor",Oxtr,Oxtr,NULL,P70536,3,live
407,25398,NULL,"calcium channel, voltage-dependent, P/Q type, alpha 1A subunit",NULL,Cacna1a,NULL,P54282,3,live
408,25549,"solute carrier family 18 (vesicular monoamine transporter), member 2","solute carrier family 18 (vesicular monoamine transporter), member 2",Slc18a2,Slc18a2,NULL,Q01827,3,live
409,25553,"solute carrier family 6 (neurotransmitter transporter), member 4","solute carrier family 6 (neurotransmitter transporter), member 4",Slc6a4,Slc6a4,NULL,P31652,3,live
410,25570,"thyrotropin releasing hormone receptor","thyrotropin releasing hormone receptor",Trhr,Trhr,NULL,Q01717,3,live
411,25601,"opioid receptor, mu 1","opioid receptor, mu 1",Oprm1,Oprm1,NULL,P33535,3,live
412,25642,"cytochrome P450, family 3, subfamily a, polypeptide 23/polypeptide 1","cytochrome P450, family 3, subfamily a, polypeptide 23/polypeptide 1",Cyp3a23/3a1,Cyp3a23/3a1,NULL,P04800,3,live
413,25672,"nuclear receptor subfamily 3, group C, member 2","nuclear receptor subfamily 3, group C, member 2",Nr3c2,Nr3c2,NULL,P22199,3,live
414,25674,"glycine receptor, alpha 1","glycine receptor, alpha 1",Glra1,Glra1,NULL,P07727,3,live
415,25750,"monoamine oxidase B","monoamine oxidase B",Maob,Maob,NULL,P19643,3,live
416,25865,"protein kinase D2","protein kinase D2",PRKD2,PRKD2,NULL,Q9BZL6,1,live
417,29253,"monoamine oxidase A","monoamine oxidase A",Maoa,Maoa,NULL,P21396,3,live
418,29277,"cytochrome P450, subfamily 2, polypeptide 11","cytochrome P450, subfamily 2, polypeptide 11",Cyp2c11,Cyp2c11,NULL,P08683,3,live
419,29412,"adrenoceptor alpha 1A","adrenoceptor alpha 1A",Adra1a,Adra1a,NULL,P43140,3,live
420,29559,"glutamate receptor, ionotropic, kainate 1","glutamate receptor, ionotropic, kainate 1",Grik1,Grik1,NULL,P22756,3,live
421,29705,"gamma-aminobutyric acid (GABA) A receptor, alpha 1","gamma-aminobutyric acid (GABA) A receptor, alpha 1",Gabra1,Gabra1,NULL,P62813,3,live
422,29708,"gamma-aminobutyric acid (GABA) A receptor, alpha 6","gamma-aminobutyric acid (GABA) A receptor, alpha 6",Gabra6,Gabra6,NULL,P30191,3,live
423,50577,"galanin receptor 1","galanin receptor 1",Galr1,Galr1,NULL,Q62805,3,live
424,50592,"glutamate receptor, ionotropic, AMPA 1","glutamate receptor, ionotropic, AMPA 1",Gria1,Gria1,NULL,P19490,3,live
425,51135,"interleukin-1 receptor-associated kinase 4","interleukin-1 receptor-associated kinase 4",IRAK4,IRAK4,NULL,Q9NWZ3,1,live
426,51176,"lymphoid enhancer-binding factor 1","lymphoid enhancer-binding factor 1",LEF1,LEF1,NULL,Q9UJU2,1,live
427,54205,"cytochrome c, somatic","cytochrome c, somatic",CYCS,CYCS,NULL,P99999,1,live
428,54261,NULL,"potassium intermediate/small conductance calcium-activated channel, subfamily N, member 1",NULL,Kcnn1,provisional,P70606,3,live
429,54578,"UDP glucuronosyltransferase 1 family, polypeptide A6","UDP glucuronosyltransferase 1 family, polypeptide A6",UGT1A6,UGT1A6,NULL,P19224,1,live
430,54658,"UDP glucuronosyltransferase 1 family, polypeptide A1","UDP glucuronosyltransferase 1 family, polypeptide A1",UGT1A1,UGT1A1,NULL,P22309,1,live
431,58959,"corticotropin releasing hormone receptor 1","corticotropin releasing hormone receptor 1",Crhr1,Crhr1,NULL,P35353,3,live
432,63997,"solute carrier family 29 (equilibrative nucleoside transporter), member 1","solute carrier family 29 (equilibrative nucleoside transporter), member 1",Slc29a1,Slc29a1,NULL,O54698,3,live
433,64532,"adenylate cyclase 5","adenylate cyclase 5",Adcy5,Adcy5,NULL,Q04400,3,live
434,66002,"cytochrome P450, family 4, subfamily F, polypeptide 12","cytochrome P450, family 4, subfamily F, polypeptide 12",CYP4F12,CYP4F12,NULL,Q9HCS2,1,live
435,79915,"ATPase family, AAA domain containing 5","ATPase family, AAA domain containing 5",ATAD5,ATAD5,NULL,Q96QE3,1,live
436,81574,"sodium channel, voltage-gated, type I, alpha subunit","sodium channel, voltage-gated, type I, alpha subunit",Scn1a,Scn1a,NULL,P04774,3,live
437,81657,"gamma-aminobutyric acid (GABA) B receptor 1","gamma-aminobutyric acid (GABA) B receptor 1",Gabbr1,Gabbr1,NULL,Q9Z0U4,3,live
438,83439,"transcription factor 7-like 1 (T-cell specific, HMG-box)","transcription factor 7-like 1 (T-cell specific, HMG-box)",TCF7L1,TCF7L1,NULL,Q9HCS4,1,live
439,83511,"solute carrier family 6 (neurotransmitter transporter), member 2","solute carrier family 6 (neurotransmitter transporter), member 2",Slc6a2,Slc6a2,NULL,NULL,3,live
440,83741,"transcription factor AP-2 delta (activating enhancer binding protein 2 delta)","transcription factor AP-2 delta (activating enhancer binding protein 2 delta)",TFAP2D,TFAP2D,NULL,Q7Z6R9,1,live
441,83817,NULL,acetylcholinesterase,NULL,Ache,provisional,P37136,3,live
442,85268,"histamine receptor H3","histamine receptor H3",Hrh3,Hrh3,NULL,Q9QYN8,3,live
443,116519,"apolipoprotein A-V","apolipoprotein A-V",APOA5,APOA5,NULL,Q6Q788,1,live
444,146713,"RNA binding protein, fox-1 homolog (C. elegans) 3","RNA binding protein, fox-1 homolog (C. elegans) 3",RBFOX3,RBFOX3,NULL,A6NFN3,1,live
445,171521,NULL,"cytochrome P450, family 2, subfamily c, polypeptide 13",NULL,Cyp2c13,provisional,P20814,3,live
446,257648,"calcium channel, voltage-dependent, N type, alpha 1B subunit","calcium channel, voltage-dependent, N type, alpha 1B subunit",Cacna1b,Cacna1b,NULL,Q02294,3,live
447,266682,"cytochrome P450, family 3, subfamily a, polypeptide 2","cytochrome P450, family 3, subfamily a, polypeptide 2",Cyp3a2,Cyp3a2,NULL,P05183,3,live
448,266684,"cytochrome P450, family 2, subfamily d, polypeptide 1","cytochrome P450, family 2, subfamily d, polypeptide 1",Cyp2d1,Cyp2d1,NULL,P10633,3,live
449,281125,"dopamine receptor D1","dopamine receptor D1",DRD1,DRD1,NULL,Q95136,4,live
450,281231,"histamine receptor H1","histamine receptor H1",HRH1,HRH1,NULL,P30546,4,live
451,282133,"adenosine A1 receptor","adenosine A1 receptor",ADORA1,ADORA1,NULL,P28190,4,live
452,284541,"cytochrome P450, family 4, subfamily A, polypeptide 22","cytochrome P450, family 4, subfamily A, polypeptide 22",CYP4A22,CYP4A22,NULL,Q5TCH4,1,live
453,293989,"cytochrome P450, family 2, subfamily C, polypeptide 6, variant 1","cytochrome P450, family 2, subfamily C, polypeptide 6, variant 1",Cyp2c6v1,Cyp2c6v1,NULL,P05178,3,live
454,306771,"tetraspanin 17","tetraspanin 17",Tspan17,Tspan17,NULL,Q4V8E0,3,live
455,366274,"neurotensin receptor 1","neurotensin receptor 1",Ntsr1,Ntsr1,NULL,P20789,3,live
456,397180,NULL,"methylenetetrahydrofolate reductase (NAD(P)H)",NULL,MTHFR,model,NULL,5,live
457,406906,"microRNA 122","microRNA 122",MIR122,MIR122,NULL,NULL,1,live
458,407157,"angiotensin II receptor, type 2","angiotensin II receptor, type 2",AGTR2,AGTR2,NULL,NULL,4,live
459,407238,NULL,"estrogen receptor 1",NULL,ESR1,provisional,P49884,4,live
460,443460,NULL,"prostaglandin-endoperoxide synthase 2 (prostaglandin G/H synthase and cyclooxygenase)",NULL,PTGS2,provisional,P79208,6,live
461,443551,NULL,"prostaglandin-endoperoxide synthase 1 (prostaglandin G/H synthase and cyclooxygenase)",NULL,PTGS1,provisional,P05979,6,live
462,504216,"neuropeptide Y","neuropeptide Y",NPY,NPY,NULL,Q6RUW3,4,live
463,523515,"gamma-aminobutyric acid (GABA) A receptor, alpha 5","gamma-aminobutyric acid (GABA) A receptor, alpha 5",GABRA5,GABRA5,NULL,Q08E50,4,live
464,747460,NULL,"androgen receptor",NULL,AR,provisional,O97775,7,live
465,780973,"gamma-aminobutyric acid (GABA) A receptor, alpha 1","gamma-aminobutyric acid (GABA) A receptor, alpha 1",GABRA1,GABRA1,NULL,P08219,4,live
466,855828,NULL,Gal4p,NULL,GAL4,provisional,P04386,8,live
467,100009085,NULL,"creatine kinase, brain",NULL,CKB,provisional,P00567,9,live
468,100135486,NULL,"bradykinin receptor, beta 2",NULL,Bdkrb2,provisional,O70526,10,live
469,100135514,NULL,"cysteinyl leukotriene receptor 1",NULL,Cysltr1,provisional,Q2NNR5,10,live
470,100135540,NULL,"histamine receptor H2",NULL,Hrh2,NULL,P47747,10,live
471,100135548,NULL,"5 hydroxytryptamine (serotonin) receptor 4",NULL,Htr4,provisional,O70528,10,live
472,100135578,NULL,"natriuretic peptide A",NULL,Nppa,model,P27596,10,live
473,100135587,NULL,"opioid receptor, kappa 1",NULL,Oprk1,provisional,P41144,10,live
474,100135589,NULL,"sigma non-opioid intracellular receptor 1",NULL,Sigmar1,provisional,Q60492,10,live
475,100354046,NULL,"platelet-activating factor receptor",NULL,PTAFR,model,NULL,9,live
476,100379235,NULL,"cholinergic receptor, muscarinic 3, cardiac",NULL,Chrm3,provisional,NULL,10,live
477,100379538,NULL,"leukotriene B4 receptor",NULL,Ltb4r,provisional,NULL,10,live
478,100714898,NULL,"solute carrier family 6 (neurotransmitter transporter, dopamine), member 3",NULL,Slc6a3,model,NULL,10,live
479,100848466,NULL,"progesterone receptor-like",NULL,PGR,provisional,NULL,4,live
480,25255,"dual-specificity tyrosine-(Y)-phosphorylation regulated kinase 1A","dual-specificity tyrosine-(Y)-phosphorylation regulated kinase 1A",Dyrk1a,Dyrk1a,NULL,Q63470,3,live
481,2777477,NULL,"cyclization recombinase",NULL,cre,provisional,NULL,11,live
482,136,"adenosine A2b receptor","adenosine A2b receptor",ADORA2B,ADORA2B,NULL,NULL,1,live
483,148,"adrenoceptor alpha 1A","adrenoceptor alpha 1A",ADRA1A,ADRA1A,NULL,NULL,1,live
484,151,"adrenoceptor alpha 2B","adrenoceptor alpha 2B",ADRA2B,ADRA2B,NULL,NULL,1,live
485,1816,"dopamine receptor D5","dopamine receptor D5",DRD5,DRD5,NULL,NULL,1,live
486,2642,"glucagon receptor","glucagon receptor",GCGR,GCGR,NULL,NULL,1,live
487,151306,"G protein-coupled bile acid receptor 1","G protein-coupled bile acid receptor 1",GPBAR1,GPBAR1,NULL,NULL,1,live
488,2864,"free fatty acid receptor 1","free fatty acid receptor 1",FFAR1,FFAR1,NULL,NULL,1,live
489,2846,"lysophosphatidic acid receptor 4","lysophosphatidic acid receptor 4",LPAR4,LPAR4,NULL,NULL,1,live
490,4157,"melanocortin 1 receptor (alpha melanocyte stimulating hormone receptor)","melanocortin 1 receptor (alpha melanocyte stimulating hormone receptor)",MC1R,MC1R,NULL,NULL,1,live
491,4158,"melanocortin 2 receptor (adrenocorticotropic hormone)","melanocortin 2 receptor (adrenocorticotropic hormone)",MC2R,MC2R,NULL,NULL,1,live
492,4159,"melanocortin 3 receptor","melanocortin 3 receptor",MC3R,MC3R,NULL,NULL,1,live
493,4160,"melanocortin 4 receptor","melanocortin 4 receptor",MC4R,MC4R,NULL,NULL,1,live
494,5729,"prostaglandin D2 receptor (DP)","prostaglandin D2 receptor (DP)",PTGDR,PTGDR,NULL,NULL,1,live
495,5739,"prostaglandin I2 (prostacyclin) receptor (IP)","prostaglandin I2 (prostacyclin) receptor (IP)",PTGIR,PTGIR,NULL,NULL,1,live
496,7173,"thyroid peroxidase","thyroid peroxidase",TPO,TPO,NULL,P07202,1,live
497,NULL,NULL,"luciferase [Cloning vector pGL3-Basic, complete sequence]",NULL,NULL,NULL,U47295,12,live
498,54314,"thyroid peroxidase","thyroid peroxidase",Tpo,Tpo,NULL,P14650,3,live
499,445522,NULL,"thyroid peroxidase",TPO,TPO,NULL,P09933,5,live
